{"v":"5.7.7","fr":30,"ip":0,"op":91,"w":3710,"h":3710,"nm":"Cloud Computing Security","ddd":0,"assets":[],"layers":[{"ddd":0,"ind":1,"ty":4,"nm":"Arm R","parent":7,"sr":1,"ks":{"o":{"a":0,"k":100,"ix":11},"r":{"a":0,"k":0,"ix":10},"p":{"a":0,"k":[328.648,176.87,0],"ix":2,"l":2},"a":{"a":0,"k":[161.776,-9.236,0],"ix":1,"l":2},"s":{"a":0,"k":[100,100,100],"ix":6,"l":2}},"ao":0,"shapes":[{"ty":"gr","it":[{"ind":0,"ty":"sh","ix":1,"ks":{"a":0,"k":{"i":[[0,0],[0,0],[-0.759,0.536],[-0.538,-0.76],[0,0],[-0.462,0.908],[-0.832,-0.427],[0.423,-0.829],[76.776,-32.874]],"o":[[0,0],[-0.538,-0.759],[0.756,-0.543],[0,0],[74.91,-32.841],[0.421,-0.825],[0.828,0.421],[-0.47,0.92],[0,0]],"v":[[-58.1,64.348],[-67.705,50.766],[-67.302,48.419],[-64.956,48.82],[-56.926,60.176],[64.822,-63.188],[67.086,-63.921],[67.82,-61.656],[-56.849,63.812]],"c":true},"ix":2},"nm":"Path 1","mn":"ADBE Vector Shape - Group","hd":false},{"ty":"fl","c":{"a":0,"k":[0.903317081227,0.363972832175,0.334603672402,1],"ix":4},"o":{"a":0,"k":100,"ix":5},"r":1,"bm":0,"nm":"Fill 1","mn":"ADBE Vector Graphic - Fill","hd":false},{"ty":"tr","p":{"a":0,"k":[135.083,156.696],"ix":2},"a":{"a":0,"k":[0,0],"ix":1},"s":{"a":0,"k":[100,100],"ix":3},"r":{"a":0,"k":0,"ix":6},"o":{"a":0,"k":100,"ix":7},"sk":{"a":0,"k":0,"ix":4},"sa":{"a":0,"k":0,"ix":5},"nm":"Transform"}],"nm":"Group 1","np":2,"cix":2,"bm":0,"ix":1,"mn":"ADBE Vector Group","hd":false},{"ty":"gr","it":[{"ind":0,"ty":"sh","ix":1,"ks":{"a":0,"k":{"i":[[0.498,0],[0.309,0.243],[-0.576,0.73],[-18.069,45.788],[-0.873,-0.358],[0.34,-0.864],[0.534,-0.674]],"o":[[-0.365,0],[-0.729,-0.575],[0.531,-0.673],[0.341,-0.865],[0.865,0.342],[-18.253,46.248],[-0.332,0.421]],"v":[[-35.824,58.802],[-36.867,58.44],[-37.144,56.076],[34.247,-57.497],[36.433,-58.444],[37.381,-56.261],[-34.501,58.161]],"c":true},"ix":2},"nm":"Path 1","mn":"ADBE Vector Shape - Group","hd":false},{"ty":"fl","c":{"a":0,"k":[0.903317081227,0.363972832175,0.334603672402,1],"ix":4},"o":{"a":0,"k":100,"ix":5},"r":1,"bm":0,"nm":"Fill 1","mn":"ADBE Vector Graphic - Fill","hd":false},{"ty":"tr","p":{"a":0,"k":[37.97,59.052],"ix":2},"a":{"a":0,"k":[0,0],"ix":1},"s":{"a":0,"k":[100,100],"ix":3},"r":{"a":0,"k":0,"ix":6},"o":{"a":0,"k":100,"ix":7},"sk":{"a":0,"k":0,"ix":4},"sa":{"a":0,"k":0,"ix":5},"nm":"Transform"}],"nm":"Group 2","np":2,"cix":2,"bm":0,"ix":2,"mn":"ADBE Vector Group","hd":false}],"ip":0,"op":180,"st":0,"bm":0},{"ddd":0,"ind":2,"ty":4,"nm":"Arm L Line","parent":7,"sr":1,"ks":{"o":{"a":0,"k":100,"ix":11},"r":{"a":0,"k":0,"ix":10},"p":{"a":0,"k":[68.407,217.677,0],"ix":2,"l":2},"a":{"a":0,"k":[11.949,61.788,0],"ix":1,"l":2},"s":{"a":0,"k":[100,100,100],"ix":6,"l":2}},"ao":0,"shapes":[{"ty":"gr","it":[{"ind":0,"ty":"sh","ix":1,"ks":{"a":0,"k":{"i":[[0,0],[0.003,0.926],[-0.199,0.68],[-0.896,-0.26],[0.261,-0.89],[-0.168,-50.776],[0.931,-0.003]],"o":[[-0.927,0],[-0.17,-51.272],[0.261,-0.888],[0.892,0.26],[-0.199,0.675],[0.003,0.93],[0,0]],"v":[[-9.858,61.442],[-11.541,59.766],[8.218,-60.041],[10.308,-61.182],[11.45,-59.095],[-8.174,59.753],[-9.853,61.442]],"c":true},"ix":2},"nm":"Path 1","mn":"ADBE Vector Shape - Group","hd":false},{"ty":"fl","c":{"a":0,"k":[0.903317081227,0.363972832175,0.334603672402,1],"ix":4},"o":{"a":0,"k":100,"ix":5},"r":1,"bm":0,"nm":"Fill 1","mn":"ADBE Vector Graphic - Fill","hd":false},{"ty":"tr","p":{"a":0,"k":[11.961,61.692],"ix":2},"a":{"a":0,"k":[0,0],"ix":1},"s":{"a":0,"k":[100,100],"ix":3},"r":{"a":0,"k":0,"ix":6},"o":{"a":0,"k":100,"ix":7},"sk":{"a":0,"k":0,"ix":4},"sa":{"a":0,"k":0,"ix":5},"nm":"Transform"}],"nm":"Group 1","np":2,"cix":2,"bm":0,"ix":1,"mn":"ADBE Vector Group","hd":false}],"ip":0,"op":180,"st":0,"bm":0},{"ddd":0,"ind":3,"ty":4,"nm":"Laptop","parent":7,"sr":1,"ks":{"o":{"a":0,"k":100,"ix":11},"r":{"a":0,"k":0,"ix":10},"p":{"a":0,"k":[-223.819,363.13,0],"ix":2,"l":2},"a":{"a":0,"k":[245.616,162.77,0],"ix":1,"l":2},"s":{"a":0,"k":[100,100,100],"ix":6,"l":2}},"ao":0,"shapes":[{"ty":"gr","it":[{"ind":0,"ty":"sh","ix":1,"ks":{"a":0,"k":{"i":[[-5.759,0],[-0.187,0.011],[0,0],[0.303,6.004],[5.984,-0.404],[0,0],[-0.303,-6.005]],"o":[[0.186,0],[0,0],[6.004,-0.302],[-0.303,-6.006],[0,0],[-6.003,0.301],[0.295,5.816]],"v":[[-121.448,17.218],[-120.889,17.204],[121.989,4.928],[132.312,-6.492],[120.889,-16.815],[-121.989,-4.538],[-132.311,6.883]],"c":true},"ix":2},"nm":"Path 1","mn":"ADBE Vector Shape - Group","hd":false},{"ty":"fl","c":{"a":0,"k":[0.115638815188,0.076484268787,0.494784067191,1],"ix":4},"o":{"a":0,"k":100,"ix":5},"r":1,"bm":0,"nm":"Fill 1","mn":"ADBE Vector Graphic - Fill","hd":false},{"ty":"tr","p":{"a":0,"k":[355.694,307.307],"ix":2},"a":{"a":0,"k":[0,0],"ix":1},"s":{"a":0,"k":[100,100],"ix":3},"r":{"a":0,"k":0,"ix":6},"o":{"a":0,"k":100,"ix":7},"sk":{"a":0,"k":0,"ix":4},"sa":{"a":0,"k":0,"ix":5},"nm":"Transform"}],"nm":"Group 1","np":2,"cix":2,"bm":0,"ix":1,"mn":"ADBE Vector Group","hd":false},{"ty":"gr","it":[{"ind":0,"ty":"sh","ix":1,"ks":{"a":0,"k":{"i":[[-6.4,-12.92],[-7.234,3.585],[6.401,12.92],[7.235,-3.585]],"o":[[6.401,12.921],[7.235,-3.584],[-6.401,-12.921],[-7.235,3.583]],"v":[[-13.1,6.489],[11.589,23.394],[13.099,-6.489],[-11.589,-23.394]],"c":true},"ix":2},"nm":"Path 1","mn":"ADBE Vector Shape - Group","hd":false},{"ty":"fl","c":{"a":0,"k":[0.591472670611,0.717538631664,0.981041882085,1],"ix":4},"o":{"a":0,"k":100,"ix":5},"r":1,"bm":0,"nm":"Fill 1","mn":"ADBE Vector Graphic - Fill","hd":false},{"ty":"tr","p":{"a":0,"k":[103.245,120.161],"ix":2},"a":{"a":0,"k":[0,0],"ix":1},"s":{"a":0,"k":[100,100],"ix":3},"r":{"a":0,"k":0,"ix":6},"o":{"a":0,"k":100,"ix":7},"sk":{"a":0,"k":0,"ix":4},"sa":{"a":0,"k":0,"ix":5},"nm":"Transform"}],"nm":"Group 2","np":2,"cix":2,"bm":0,"ix":2,"mn":"ADBE Vector Group","hd":false},{"ty":"gr","it":[{"ind":0,"ty":"sh","ix":1,"ks":{"a":0,"k":{"i":[[0,0],[0,0],[12.149,0.831],[0,0],[-3.906,-11.127],[0,0],[-9.275,-0.937],[0,0]],"o":[[0,0],[-3.497,-11.664],[0,0],[-11.766,-0.805],[0,0],[3.088,8.796],[0,0],[0,0]],"v":[[124.006,153.273],[38.272,-132.642],[12.263,-153.412],[-103.489,-161.333],[-120.1,-139.516],[-24.257,133.531],[-3.997,149.48],[109.989,162.137]],"c":true},"ix":2},"nm":"Path 1","mn":"ADBE Vector Shape - Group","hd":false},{"ty":"fl","c":{"a":0,"k":[0.115638815188,0.076484268787,0.494784067191,1],"ix":4},"o":{"a":0,"k":100,"ix":5},"r":1,"bm":0,"nm":"Fill 1","mn":"ADBE Vector Graphic - Fill","hd":false},{"ty":"tr","p":{"a":0,"k":[124.256,162.388],"ix":2},"a":{"a":0,"k":[0,0],"ix":1},"s":{"a":0,"k":[100,100],"ix":3},"r":{"a":0,"k":0,"ix":6},"o":{"a":0,"k":100,"ix":7},"sk":{"a":0,"k":0,"ix":4},"sa":{"a":0,"k":0,"ix":5},"nm":"Transform"}],"nm":"Group 3","np":2,"cix":2,"bm":0,"ix":3,"mn":"ADBE Vector Group","hd":false}],"ip":0,"op":180,"st":0,"bm":0},{"ddd":0,"ind":4,"ty":4,"nm":"Head","parent":5,"sr":1,"ks":{"o":{"a":0,"k":100,"ix":11},"r":{"a":1,"k":[{"i":{"x":[0.667],"y":[1]},"o":{"x":[0.333],"y":[0]},"t":0,"s":[-5]},{"i":{"x":[0.667],"y":[1]},"o":{"x":[0.333],"y":[0]},"t":45,"s":[10]},{"t":90,"s":[-5]}],"ix":10},"p":{"a":0,"k":[43.714,48.794,0],"ix":2,"l":2},"a":{"a":0,"k":[193.754,259.215,0],"ix":1,"l":2},"s":{"a":0,"k":[100,100,100],"ix":6,"l":2}},"ao":0,"shapes":[{"ty":"gr","it":[{"ind":0,"ty":"sh","ix":1,"ks":{"a":0,"k":{"i":[[0,0],[-17.56,-15.287],[20.117,-6.413]],"o":[[0,0],[17.561,15.288],[0,0]],"v":[[-23.341,11.767],[5.78,-20.03],[-18.915,35.318]],"c":true},"ix":2},"nm":"Path 1","mn":"ADBE Vector Shape - Group","hd":false},{"ty":"fl","c":{"a":0,"k":[1,0.672988712086,0.661611998315,1],"ix":4},"o":{"a":0,"k":100,"ix":5},"r":1,"bm":0,"nm":"Fill 1","mn":"ADBE Vector Graphic - Fill","hd":false},{"ty":"tr","p":{"a":0,"k":[234.411,154.694],"ix":2},"a":{"a":0,"k":[0,0],"ix":1},"s":{"a":0,"k":[100,100],"ix":3},"r":{"a":0,"k":0,"ix":6},"o":{"a":0,"k":100,"ix":7},"sk":{"a":0,"k":0,"ix":4},"sa":{"a":0,"k":0,"ix":5},"nm":"Transform"}],"nm":"Group 1","np":2,"cix":2,"bm":0,"ix":1,"mn":"ADBE Vector Group","hd":false},{"ty":"gr","it":[{"ind":0,"ty":"sh","ix":1,"ks":{"a":0,"k":{"i":[[0,0],[0.401,2.671],[6.167,10.95],[32.401,-17.44],[28.652,15.254],[-73.827,-13.867],[0.21,2.85],[-28.66,9.083],[-6.05,-7.307],[-1.697,2.215],[-32.121,-14.156],[0.437,-10.154],[-2.992,1.377],[-12.485,-15.643],[7.399,-4.917],[0.009,-1.455],[24.587,-27.671],[1.241,2.955],[0,0],[2.162,-0.697]],"o":[[-2.571,0.829],[-1.22,-8.123],[0,0],[-32.4,17.438],[-27.934,-14.873],[2.809,0.528],[-0.908,-12.302],[26.821,-8.502],[1.78,2.151],[8.035,-10.49],[26.456,11.659],[-0.142,3.291],[8.102,-3.732],[17.259,21.625],[-1.212,0.806],[-0.07,11.247],[-2.129,2.396],[0,0],[-0.879,-2.094],[0,0]],"v":[[55.473,54.233],[49.809,50.743],[39.376,15.596],[10.201,21.492],[-99.516,49.294],[-81.92,-26.563],[-76.738,-31.123],[-47.765,-80.811],[-0.211,-69.898],[6.57,-70.006],[68.545,-88.665],[98.679,-50.556],[104.868,-46.413],[138.488,-36.441],[123.684,8.854],[121.709,12.45],[95.301,100.425],[87.996,99.164],[69.065,54.057],[63.688,51.586]],"c":true},"ix":2},"nm":"Path 1","mn":"ADBE Vector Shape - Group","hd":false},{"ty":"fl","c":{"a":0,"k":[0.115638815188,0.076484268787,0.494784067191,1],"ix":4},"o":{"a":0,"k":100,"ix":5},"r":1,"bm":0,"nm":"Fill 1","mn":"ADBE Vector Graphic - Fill","hd":false},{"ty":"tr","p":{"a":0,"k":[155.997,103.071],"ix":2},"a":{"a":0,"k":[0,0],"ix":1},"s":{"a":0,"k":[100,100],"ix":3},"r":{"a":0,"k":0,"ix":6},"o":{"a":0,"k":100,"ix":7},"sk":{"a":0,"k":0,"ix":4},"sa":{"a":0,"k":0,"ix":5},"nm":"Transform"}],"nm":"Group 2","np":2,"cix":2,"bm":0,"ix":2,"mn":"ADBE Vector Group","hd":false},{"ty":"gr","it":[{"ind":0,"ty":"sh","ix":1,"ks":{"a":0,"k":{"i":[[0,0],[-33.801,-27.059],[-22.243,66.335],[0,0]],"o":[[0,0],[33.8,27.059],[0,0],[0,0]],"v":[[-84.106,-42.045],[-37.792,73.005],[84.106,13.355],[39.787,-100.064]],"c":true},"ix":2},"nm":"Path 1","mn":"ADBE Vector Shape - Group","hd":false},{"ty":"fl","c":{"a":0,"k":[1,0.672988712086,0.661611998315,1],"ix":4},"o":{"a":0,"k":100,"ix":5},"r":1,"bm":0,"nm":"Fill 1","mn":"ADBE Vector Graphic - Fill","hd":false},{"ty":"tr","p":{"a":0,"k":[166.69,183.974],"ix":2},"a":{"a":0,"k":[0,0],"ix":1},"s":{"a":0,"k":[100,100],"ix":3},"r":{"a":0,"k":0,"ix":6},"o":{"a":0,"k":100,"ix":7},"sk":{"a":0,"k":0,"ix":4},"sa":{"a":0,"k":0,"ix":5},"nm":"Transform"}],"nm":"Group 3","np":2,"cix":2,"bm":0,"ix":3,"mn":"ADBE Vector Group","hd":false}],"ip":0,"op":180,"st":0,"bm":0},{"ddd":0,"ind":5,"ty":4,"nm":"Neck","parent":7,"sr":1,"ks":{"o":{"a":0,"k":100,"ix":11},"r":{"a":0,"k":0,"ix":10},"p":{"a":0,"k":[209.141,90.844,0],"ix":2,"l":2},"a":{"a":0,"k":[53.835,111.217,0],"ix":1,"l":2},"s":{"a":0,"k":[100,100,100],"ix":6,"l":2}},"ao":0,"shapes":[{"ty":"gr","it":[{"ind":0,"ty":"sh","ix":1,"ks":{"a":0,"k":{"i":[[0,0],[0,0],[3.351,-2.295],[43.932,16.219],[0.435,5.338],[0,0]],"o":[[0,0],[1.167,3.889],[-12.253,8.391],[-5.025,-1.855],[0,0],[0,0]],"v":[[27.352,-60.18],[52.802,24.703],[49.177,35.099],[-39.032,43.961],[-47.936,32.075],[-53.969,-41.871]],"c":true},"ix":2},"nm":"Path 1","mn":"ADBE Vector Shape - Group","hd":false},{"ty":"fl","c":{"a":0,"k":[1,0.672988712086,0.661611998315,1],"ix":4},"o":{"a":0,"k":100,"ix":5},"r":1,"bm":0,"nm":"Fill 1","mn":"ADBE Vector Graphic - Fill","hd":false},{"ty":"tr","p":{"a":0,"k":[54.218,60.43],"ix":2},"a":{"a":0,"k":[0,0],"ix":1},"s":{"a":0,"k":[100,100],"ix":3},"r":{"a":0,"k":0,"ix":6},"o":{"a":0,"k":100,"ix":7},"sk":{"a":0,"k":0,"ix":4},"sa":{"a":0,"k":0,"ix":5},"nm":"Transform"}],"nm":"Group 1","np":2,"cix":2,"bm":0,"ix":1,"mn":"ADBE Vector Group","hd":false}],"ip":0,"op":180,"st":0,"bm":0},{"ddd":0,"ind":6,"ty":4,"nm":"Hand R","parent":1,"sr":1,"ks":{"o":{"a":0,"k":100,"ix":11},"r":{"a":0,"k":0,"ix":10},"p":{"a":0,"k":[46.053,161.17,0],"ix":2,"l":2},"a":{"a":0,"k":[443.962,45.25,0],"ix":1,"l":2},"s":{"a":0,"k":[100,100,100],"ix":6,"l":2}},"ao":0,"shapes":[{"ty":"gr","it":[{"ind":0,"ty":"sh","ix":1,"ks":{"a":0,"k":{"i":[[32.906,26.019],[148.712,-20.133],[28.58,-12.509],[0,0],[0,0],[-90.219,109.483]],"o":[[0,0],[0,0],[-28.579,12.51],[0,0],[0,0],[-7.26,-38.311]],"v":[[168.95,-101.529],[-96.078,56.33],[-163.091,33.801],[-230.856,101.529],[-39.91,101.529],[230.856,-14.316]],"c":true},"ix":2},"nm":"Path 1","mn":"ADBE Vector Shape - Group","hd":false},{"ty":"fl","c":{"a":0,"k":[1,0.672988712086,0.661611998315,1],"ix":4},"o":{"a":0,"k":100,"ix":5},"r":1,"bm":0,"nm":"Fill 1","mn":"ADBE Vector Graphic - Fill","hd":false},{"ty":"tr","p":{"a":0,"k":[231.106,101.779],"ix":2},"a":{"a":0,"k":[0,0],"ix":1},"s":{"a":0,"k":[100,100],"ix":3},"r":{"a":0,"k":0,"ix":6},"o":{"a":0,"k":100,"ix":7},"sk":{"a":0,"k":0,"ix":4},"sa":{"a":0,"k":0,"ix":5},"nm":"Transform"}],"nm":"Group 1","np":2,"cix":2,"bm":0,"ix":1,"mn":"ADBE Vector Group","hd":false}],"ip":0,"op":180,"st":0,"bm":0},{"ddd":0,"ind":7,"ty":4,"nm":"Body","parent":29,"sr":1,"ks":{"o":{"a":0,"k":100,"ix":11},"r":{"a":0,"k":0,"ix":10},"p":{"a":0,"k":[974.912,340.998,0],"ix":2,"l":2},"a":{"a":0,"k":[200.98,309.541,0],"ix":1,"l":2},"s":{"a":0,"k":[100,100,100],"ix":6,"l":2}},"ao":0,"shapes":[{"ty":"gr","it":[{"ind":0,"ty":"sh","ix":1,"ks":{"a":0,"k":{"i":[[53.365,54.575],[-8.998,110.579],[19.144,11.357],[-3.134,6.491],[-6.376,1.591],[-100.101,-136.922],[194.9,-187.332]],"o":[[0,0],[0,0],[-6.199,-3.677],[14.075,-29.158],[34.656,-8.649],[42.96,58.763],[-62.714,10.209]],"v":[[-206.824,214.413],[-155.961,-9.968],[-205.733,-47.649],[-211.139,-65.595],[-105.572,-210.831],[171.314,-150.136],[-32.111,276.85]],"c":true},"ix":2},"nm":"Path 1","mn":"ADBE Vector Shape - Group","hd":false},{"ty":"fl","c":{"a":0,"k":[1,0.531758626302,0.498574320475,1],"ix":4},"o":{"a":0,"k":100,"ix":5},"r":1,"bm":0,"nm":"Fill 1","mn":"ADBE Vector Graphic - Fill","hd":false},{"ty":"tr","p":{"a":0,"k":[214.523,287.308],"ix":2},"a":{"a":0,"k":[0,0],"ix":1},"s":{"a":0,"k":[100,100],"ix":3},"r":{"a":0,"k":0,"ix":6},"o":{"a":0,"k":100,"ix":7},"sk":{"a":0,"k":0,"ix":4},"sa":{"a":0,"k":0,"ix":5},"nm":"Transform"}],"nm":"Group 1","np":2,"cix":2,"bm":0,"ix":1,"mn":"ADBE Vector Group","hd":false}],"ip":0,"op":180,"st":0,"bm":0},{"ddd":0,"ind":8,"ty":4,"nm":"Hand L","parent":7,"sr":1,"ks":{"o":{"a":0,"k":100,"ix":11},"r":{"a":0,"k":0,"ix":10},"p":{"a":0,"k":[66.852,244.246,0],"ix":2,"l":2},"a":{"a":0,"k":[336.185,15.25,0],"ix":1,"l":2},"s":{"a":0,"k":[100,100,100],"ix":6,"l":2}},"ao":0,"shapes":[{"ty":"gr","it":[{"ind":0,"ty":"sh","ix":1,"ks":{"a":0,"k":{"i":[[90.614,6.968],[180.388,-72.992],[0,0],[0,0],[0,0],[-68.166,138.854]],"o":[[0,0],[0,0],[0,0],[0,0],[0,0],[2.252,-4.588]],"v":[[102.949,-139.437],[-114.256,118.061],[-178.421,110.499],[-193.562,134.641],[-43.049,139.437],[153.773,-50.376]],"c":true},"ix":2},"nm":"Path 1","mn":"ADBE Vector Shape - Group","hd":false},{"ty":"fl","c":{"a":0,"k":[1,0.672988712086,0.661611998315,1],"ix":4},"o":{"a":0,"k":100,"ix":5},"r":1,"bm":0,"nm":"Fill 1","mn":"ADBE Vector Graphic - Fill","hd":false},{"ty":"tr","p":{"a":0,"k":[193.812,139.687],"ix":2},"a":{"a":0,"k":[0,0],"ix":1},"s":{"a":0,"k":[100,100],"ix":3},"r":{"a":0,"k":0,"ix":6},"o":{"a":0,"k":100,"ix":7},"sk":{"a":0,"k":0,"ix":4},"sa":{"a":0,"k":0,"ix":5},"nm":"Transform"}],"nm":"Group 1","np":2,"cix":2,"bm":0,"ix":1,"mn":"ADBE Vector Group","hd":false}],"ip":0,"op":180,"st":0,"bm":0},{"ddd":0,"ind":9,"ty":4,"nm":"Leg R","parent":7,"sr":1,"ks":{"o":{"a":0,"k":100,"ix":11},"r":{"a":0,"k":0,"ix":10},"p":{"a":0,"k":[182.412,504.738,0],"ix":2,"l":2},"a":{"a":0,"k":[725.756,0.25,0],"ix":1,"l":2},"s":{"a":0,"k":[100,100,100],"ix":6,"l":2}},"ao":0,"shapes":[{"ty":"gr","it":[{"ind":0,"ty":"sh","ix":1,"ks":{"a":0,"k":{"i":[[0,0],[0,0],[35.424,-246.39],[-35.303,-3.101],[-76.992,136.348],[0,0],[-52.336,80.538]],"o":[[0,0],[0,0],[0,0],[0,0],[94.404,-167.181],[89.852,19.83],[0,0]],"v":[[215.844,-216.45],[-126.146,-212.747],[-356.873,195.227],[-327.45,216.45],[-132.381,2.982],[149.05,-88.944],[362.753,-157.03]],"c":true},"ix":2},"nm":"Path 1","mn":"ADBE Vector Shape - Group","hd":false},{"ty":"fl","c":{"a":0,"k":[0.516589235792,0.613265811696,0.959242996515,1],"ix":4},"o":{"a":0,"k":100,"ix":5},"r":1,"bm":0,"nm":"Fill 1","mn":"ADBE Vector Graphic - Fill","hd":false},{"ty":"tr","p":{"a":0,"k":[363.003,216.7],"ix":2},"a":{"a":0,"k":[0,0],"ix":1},"s":{"a":0,"k":[100,100],"ix":3},"r":{"a":0,"k":0,"ix":6},"o":{"a":0,"k":100,"ix":7},"sk":{"a":0,"k":0,"ix":4},"sa":{"a":0,"k":0,"ix":5},"nm":"Transform"}],"nm":"Group 1","np":2,"cix":2,"bm":0,"ix":1,"mn":"ADBE Vector Group","hd":false}],"ip":0,"op":180,"st":0,"bm":0},{"ddd":0,"ind":10,"ty":4,"nm":"Shooes R","parent":9,"sr":1,"ks":{"o":{"a":0,"k":100,"ix":11},"r":{"a":0,"k":0,"ix":10},"p":{"a":0,"k":[49.042,401.617,0],"ix":2,"l":2},"a":{"a":0,"k":[205.872,0.25,0],"ix":1,"l":2},"s":{"a":0,"k":[100,100,100],"ix":6,"l":2}},"ao":0,"shapes":[{"ty":"gr","it":[{"ind":0,"ty":"sh","ix":1,"ks":{"a":0,"k":{"i":[[-9.004,10.234],[-9.322,8.168],[-31.723,4.226],[-25.487,14.805],[61.347,1.698]],"o":[[6.033,-6.856],[-3.224,19.326],[32.629,-4.346],[-31.945,27.245],[-13.626,-0.377]],"v":[[-72.35,-0.251],[-49.295,-23.15],[-16.119,11.119],[81.355,-28.081],[-60.542,26.383]],"c":true},"ix":2},"nm":"Path 1","mn":"ADBE Vector Shape - Group","hd":false},{"ty":"fl","c":{"a":0,"k":[0.591472670611,0.717538631664,0.981041882085,1],"ix":4},"o":{"a":0,"k":100,"ix":5},"r":1,"bm":0,"nm":"Fill 1","mn":"ADBE Vector Graphic - Fill","hd":false},{"ty":"tr","p":{"a":0,"k":[81.604,88.936],"ix":2},"a":{"a":0,"k":[0,0],"ix":1},"s":{"a":0,"k":[100,100],"ix":3},"r":{"a":0,"k":0,"ix":6},"o":{"a":0,"k":100,"ix":7},"sk":{"a":0,"k":0,"ix":4},"sa":{"a":0,"k":0,"ix":5},"nm":"Transform"}],"nm":"Group 1","np":2,"cix":2,"bm":0,"ix":1,"mn":"ADBE Vector Group","hd":false},{"ty":"gr","it":[{"ind":0,"ty":"sh","ix":1,"ks":{"a":0,"k":{"i":[[-3.224,19.326],[-70.393,8.628],[0,0],[27.733,-23.651],[32.628,-4.346]],"o":[[30.603,-26.815],[0,0],[0,0],[-25.487,14.805],[-31.723,4.225]],"v":[[-85.169,13.52],[64.588,-52.015],[88.393,-37.454],[45.481,8.589],[-51.992,47.79]],"c":true},"ix":2},"nm":"Path 1","mn":"ADBE Vector Shape - Group","hd":false},{"ty":"fl","c":{"a":0,"k":[0.115638815188,0.076484268787,0.494784067191,1],"ix":4},"o":{"a":0,"k":100,"ix":5},"r":1,"bm":0,"nm":"Fill 1","mn":"ADBE Vector Graphic - Fill","hd":false},{"ty":"tr","p":{"a":0,"k":[117.478,52.265],"ix":2},"a":{"a":0,"k":[0,0],"ix":1},"s":{"a":0,"k":[100,100],"ix":3},"r":{"a":0,"k":0,"ix":6},"o":{"a":0,"k":100,"ix":7},"sk":{"a":0,"k":0,"ix":4},"sa":{"a":0,"k":0,"ix":5},"nm":"Transform"}],"nm":"Group 2","np":2,"cix":2,"bm":0,"ix":2,"mn":"ADBE Vector Group","hd":false}],"ip":0,"op":180,"st":0,"bm":0},{"ddd":0,"ind":11,"ty":4,"nm":"Leg L","parent":7,"sr":1,"ks":{"o":{"a":0,"k":100,"ix":11},"r":{"a":0,"k":0,"ix":10},"p":{"a":0,"k":[44.798,576.06,0],"ix":2,"l":2},"a":{"a":0,"k":[553.395,396.937,0],"ix":1,"l":2},"s":{"a":0,"k":[100,100,100],"ix":6,"l":2}},"ao":0,"shapes":[{"ty":"gr","it":[{"ind":0,"ty":"sh","ix":1,"ks":{"a":0,"k":{"i":[[41.854,108.787],[0,0],[147.011,24.975],[-107.785,-244.076],[-18.089,11.553],[-2.36,5.806],[0,0],[-33.233,-32.271]],"o":[[0,0],[0,0],[0,0],[8.671,19.634],[5.41,-3.456],[0,0],[0,0],[33.233,32.271]],"v":[[252.335,70.993],[179.305,70.993],[-191.853,-201.531],[-186.403,173.174],[-135.393,189.978],[-123.738,176.085],[-132.405,-32.316],[92.025,167.179]],"c":true},"ix":2},"nm":"Path 1","mn":"ADBE Vector Shape - Group","hd":false},{"ty":"fl","c":{"a":0,"k":[0.516589235792,0.613265811696,0.959242996515,1],"ix":4},"o":{"a":0,"k":100,"ix":5},"r":1,"bm":0,"nm":"Fill 1","mn":"ADBE Vector Graphic - Fill","hd":false},{"ty":"tr","p":{"a":0,"k":[294.439,201.781],"ix":2},"a":{"a":0,"k":[0,0],"ix":1},"s":{"a":0,"k":[100,100],"ix":3},"r":{"a":0,"k":0,"ix":6},"o":{"a":0,"k":100,"ix":7},"sk":{"a":0,"k":0,"ix":4},"sa":{"a":0,"k":0,"ix":5},"nm":"Transform"}],"nm":"Group 1","np":2,"cix":2,"bm":0,"ix":1,"mn":"ADBE Vector Group","hd":false}],"ip":0,"op":180,"st":0,"bm":0},{"ddd":0,"ind":12,"ty":4,"nm":"Shooes L","parent":11,"sr":1,"ks":{"o":{"a":0,"k":100,"ix":11},"r":{"a":0,"k":0,"ix":10},"p":{"a":0,"k":[138.183,375.875,0],"ix":2,"l":2},"a":{"a":0,"k":[150.157,19.634,0],"ix":1,"l":2},"s":{"a":0,"k":[100,100,100],"ix":6,"l":2}},"ao":0,"shapes":[{"ty":"gr","it":[{"ind":0,"ty":"sh","ix":1,"ks":{"a":0,"k":{"i":[[-15.575,22.49],[-47.84,17.664],[-17.702,12.71],[-0.229,-3.836],[108.4,-17.122],[-2.934,7.699]],"o":[[18.854,6.103],[46.284,-17.088],[0.395,3.445],[0,0],[-8.137,1.285],[5.264,-13.815]],"v":[[-70.536,-18.196],[4.449,-3.047],[102.844,-54.884],[103.799,-44.005],[-89.213,53.599],[-100.866,39.062]],"c":true},"ix":2},"nm":"Path 1","mn":"ADBE Vector Shape - Group","hd":false},{"ty":"fl","c":{"a":0,"k":[0.591472670611,0.717538631664,0.981041882085,1],"ix":4},"o":{"a":0,"k":100,"ix":5},"r":1,"bm":0,"nm":"Fill 1","mn":"ADBE Vector Graphic - Fill","hd":false},{"ty":"tr","p":{"a":0,"k":[104.05,117.285],"ix":2},"a":{"a":0,"k":[0,0],"ix":1},"s":{"a":0,"k":[100,100],"ix":3},"r":{"a":0,"k":0,"ix":6},"o":{"a":0,"k":100,"ix":7},"sk":{"a":0,"k":0,"ix":4},"sa":{"a":0,"k":0,"ix":5},"nm":"Transform"}],"nm":"Group 1","np":2,"cix":2,"bm":0,"ix":1,"mn":"ADBE Vector Group","hd":false},{"ty":"gr","it":[{"ind":0,"ty":"sh","ix":1,"ks":{"a":0,"k":{"i":[[-77.566,38.613],[-4.244,-71.199],[108.399,-17.122],[-2.933,7.699]],"o":[[0,0],[0,0],[-8.139,1.285],[13.96,-36.633]],"v":[[59.542,-81.688],[98.393,-8.657],[-90.254,80.403],[-75.944,17.152]],"c":true},"ix":2},"nm":"Path 1","mn":"ADBE Vector Shape - Group","hd":false},{"ty":"fl","c":{"a":0,"k":[0.115638815188,0.076484268787,0.494784067191,1],"ix":4},"o":{"a":0,"k":100,"ix":5},"r":1,"bm":0,"nm":"Fill 1","mn":"ADBE Vector Graphic - Fill","hd":false},{"ty":"tr","p":{"a":0,"k":[109.457,81.937],"ix":2},"a":{"a":0,"k":[0,0],"ix":1},"s":{"a":0,"k":[100,100],"ix":3},"r":{"a":0,"k":0,"ix":6},"o":{"a":0,"k":100,"ix":7},"sk":{"a":0,"k":0,"ix":4},"sa":{"a":0,"k":0,"ix":5},"nm":"Transform"}],"nm":"Group 2","np":2,"cix":2,"bm":0,"ix":2,"mn":"ADBE Vector Group","hd":false}],"ip":0,"op":180,"st":0,"bm":0},{"ddd":0,"ind":13,"ty":4,"nm":"Security","sr":1,"ks":{"o":{"a":0,"k":100,"ix":11},"r":{"a":0,"k":0,"ix":10},"p":{"a":0,"k":[2457.188,2064.126,0],"ix":2,"l":2},"a":{"a":0,"k":[594.999,698.885,0],"ix":1,"l":2},"s":{"a":0,"k":[100,100,100],"ix":6,"l":2}},"ao":0,"shapes":[{"ty":"gr","it":[{"ind":0,"ty":"sh","ix":1,"ks":{"a":0,"k":{"i":[[0,0],[11.36,0],[0,0],[-2.653,11.048],[0,0],[-1.62,30.689],[-39.725,2.467],[0,-45.417],[23.133,-13.829]],"o":[[2.653,11.046],[0,0],[-11.362,0],[0,0],[-24.27,-14.509],[2.099,-39.745],[46.034,-2.86],[0,28.91],[0,0]],"v":[[61.135,105.571],[44.055,127.239],[-44.057,127.239],[-61.137,105.569],[-40.576,19.985],[-79.091,-52.331],[-5.059,-127.081],[79.201,-48.036],[40.573,19.985]],"c":true},"ix":2},"nm":"Path 1","mn":"ADBE Vector Shape - Group","hd":false},{"ind":1,"ty":"sh","ix":2,"ks":{"a":0,"k":{"i":[[26.183,0],[0,0],[0,-26.183],[0,0],[-26.184,0],[0,0],[0,26.184],[0,0]],"o":[[0,0],[-26.184,0],[0,0],[0,26.184],[0,0],[26.183,0],[0,0],[0,-26.183]],"v":[[213.644,-211.374],[-213.645,-211.374],[-261.056,-163.965],[-261.056,163.963],[-213.645,211.375],[213.644,211.375],[261.054,163.963],[261.054,-163.965]],"c":true},"ix":2},"nm":"Path 2","mn":"ADBE Vector Shape - Group","hd":false},{"ty":"mm","mm":1,"nm":"Merge Paths 1","mn":"ADBE Vector Filter - Merge","hd":false},{"ty":"fl","c":{"a":0,"k":[1,1,1,1],"ix":4},"o":{"a":0,"k":100,"ix":5},"r":1,"bm":0,"nm":"Fill 1","mn":"ADBE Vector Graphic - Fill","hd":false},{"ty":"tr","p":{"a":0,"k":[595.385,765.304],"ix":2},"a":{"a":0,"k":[0,0],"ix":1},"s":{"a":0,"k":[100,100],"ix":3},"r":{"a":0,"k":0,"ix":6},"o":{"a":0,"k":100,"ix":7},"sk":{"a":0,"k":0,"ix":4},"sa":{"a":0,"k":0,"ix":5},"nm":"Transform"}],"nm":"Group 1","np":4,"cix":2,"bm":0,"ix":1,"mn":"ADBE Vector Group","hd":false},{"ty":"gr","it":[{"ind":0,"ty":"sh","ix":1,"ks":{"a":0,"k":{"i":[[12.552,0],[0,0],[0,12.552],[0,0],[30.926,0],[0,0],[0,-30.926],[0,0],[12.552,0],[0,0],[0,12.552],[0,0],[-69.989,0],[0,0],[0,-69.99],[0,0]],"o":[[0,0],[-12.552,0],[0,0],[0,-30.926],[0,0],[-30.927,0],[0,0],[0,12.552],[0,0],[-12.551,0],[0,0],[0,-69.99],[0,0],[69.99,0],[0,0],[0,12.552]],"v":[[182.316,117.926],[157.039,117.926],[134.312,95.199],[134.312,8.801],[78.315,-47.196],[-78.311,-47.196],[-134.308,8.801],[-134.308,95.199],[-157.035,117.926],[-182.312,117.926],[-205.038,95.199],[-205.038,8.801],[-78.311,-117.926],[78.315,-117.926],[205.043,8.801],[205.043,95.199]],"c":true},"ix":2},"nm":"Path 1","mn":"ADBE Vector Shape - Group","hd":false},{"ty":"fl","c":{"a":0,"k":[1,1,1,1],"ix":4},"o":{"a":0,"k":100,"ix":5},"r":1,"bm":0,"nm":"Fill 1","mn":"ADBE Vector Graphic - Fill","hd":false},{"ty":"tr","p":{"a":0,"k":[595.383,415.613],"ix":2},"a":{"a":0,"k":[0,0],"ix":1},"s":{"a":0,"k":[100,100],"ix":3},"r":{"a":0,"k":0,"ix":6},"o":{"a":0,"k":100,"ix":7},"sk":{"a":0,"k":0,"ix":4},"sa":{"a":0,"k":0,"ix":5},"nm":"Transform"}],"nm":"Group 2","np":2,"cix":2,"bm":0,"ix":2,"mn":"ADBE Vector Group","hd":false},{"ty":"gr","it":[{"ind":0,"ty":"sh","ix":1,"ks":{"a":0,"k":{"i":[[-2.461,1.262],[0,0],[0,0],[-119.819,160.696],[28.283,322.694],[3.826,0.284],[161.56,107.203],[2.644,-2.373],[133.637,0],[0,0],[1.488,-1.517],[-0.04,-2.096],[0,0],[-64.907,-177.691],[-213.257,-136.323]],"o":[[0,0],[0,0],[55.505,-28.528],[160.519,-215.29],[-0.338,-3.834],[-122.739,-9.046],[-2.962,-1.965],[-147.168,131.873],[0,0],[-2.256,0],[-1.466,1.49],[0,0],[2.807,159.984],[72.602,198.749],[2.335,1.493]],"v":[[-9.529,619.339],[-8.286,621.759],[-9.529,619.339],[307.827,346.411],[507.111,-464.352],[499.926,-471.459],[-14.402,-618.888],[-23.921,-618.199],[-505.446,-427.299],[-505.449,-427.299],[-511.193,-424.947],[-513.406,-419.384],[-513.023,-397.997],[-442.123,121.001],[-17.308,618.956]],"c":true},"ix":2},"nm":"Path 1","mn":"ADBE Vector Shape - Group","hd":false},{"ind":1,"ty":"sh","ix":2,"ks":{"a":0,"k":{"i":[[2.069,0],[2.173,1.387],[73.026,199.913],[2.82,160.406],[0,0],[-2.498,2.546],[-3.613,0],[0,0],[-146.1,130.913],[-5.032,-3.337],[-122.208,-9.006],[-0.572,-6.506],[161.342,-216.391],[55.842,-28.704]],"o":[[-2.498,0],[-214.297,-136.99],[-65.221,-178.547],[0,0],[-0.067,-3.568],[2.519,-2.563],[0,0],[132.713,0],[4.485,-4.02],[160.528,106.514],[6.501,0.481],[28.406,324.065],[-120.502,161.609],[-1.888,0.97]],"v":[[-13.073,625.63],[-20.241,623.542],[-447.234,122.866],[-518.465,-397.896],[-518.847,-419.283],[-515.074,-428.763],[-505.563,-432.74],[-505.558,-432.74],[-27.55,-622.253],[-11.394,-623.42],[500.325,-476.884],[512.53,-464.828],[312.19,349.662],[-7.043,624.18]],"c":true},"ix":2},"nm":"Path 2","mn":"ADBE Vector Shape - Group","hd":false},{"ty":"mm","mm":1,"nm":"Merge Paths 1","mn":"ADBE Vector Filter - Merge","hd":false},{"ty":"fl","c":{"a":0,"k":[1,1,1,1],"ix":4},"o":{"a":0,"k":100,"ix":5},"r":1,"bm":0,"nm":"Fill 1","mn":"ADBE Vector Graphic - Fill","hd":false},{"ty":"tr","p":{"a":0,"k":[595.381,702.828],"ix":2},"a":{"a":0,"k":[0,0],"ix":1},"s":{"a":0,"k":[100,100],"ix":3},"r":{"a":0,"k":0,"ix":6},"o":{"a":0,"k":100,"ix":7},"sk":{"a":0,"k":0,"ix":4},"sa":{"a":0,"k":0,"ix":5},"nm":"Transform"}],"nm":"Group 3","np":4,"cix":2,"bm":0,"ix":3,"mn":"ADBE Vector Group","hd":false},{"ty":"gr","it":[{"ind":0,"ty":"sh","ix":1,"ks":{"a":0,"k":{"i":[[-8.301,7.774],[-11.33,-1.019],[-147.757,151.182],[-11.761,-8.789],[-94.558,-5.2],[-2.021,-19.487],[112.155,-53.124],[11.517,7.172],[7.73,335.497]],"o":[[8.3,-7.773],[121.174,10.897],[10.26,-10.499],[164.326,122.816],[19.56,1.076],[85.993,830.543],[-12.26,5.807],[-558.973,-348.175],[-0.262,-11.37]],"v":[[-596.251,-477.4],[-565.401,-488.019],[-70.391,-686.672],[-29.668,-682.448],[501.605,-528.999],[539.056,-493.263],[-27.866,691.364],[-66.077,689.156],[-608.87,-447.309]],"c":true},"ix":2},"nm":"Path 1","mn":"ADBE Vector Shape - Group","hd":false},{"ty":"fl","c":{"a":0,"k":[1,0.531758626302,0.498574320475,1],"ix":4},"o":{"a":0,"k":100,"ix":5},"r":1,"bm":0,"nm":"Fill 1","mn":"ADBE Vector Graphic - Fill","hd":false},{"ty":"tr","p":{"a":0,"k":[625.299,697.421],"ix":2},"a":{"a":0,"k":[0,0],"ix":1},"s":{"a":0,"k":[100,100],"ix":3},"r":{"a":0,"k":0,"ix":6},"o":{"a":0,"k":100,"ix":7},"sk":{"a":0,"k":0,"ix":4},"sa":{"a":0,"k":0,"ix":5},"nm":"Transform"}],"nm":"Group 4","np":2,"cix":2,"bm":0,"ix":4,"mn":"ADBE Vector Group","hd":false}],"ip":0,"op":180,"st":0,"bm":0},{"ddd":0,"ind":14,"ty":4,"nm":"Security 4","sr":1,"ks":{"o":{"a":1,"k":[{"i":{"x":[0.5],"y":[1]},"o":{"x":[0.167],"y":[0.167]},"t":60,"s":[100]},{"t":90,"s":[0]}],"ix":11},"r":{"a":0,"k":0,"ix":10},"p":{"a":0,"k":[2457.188,2064.126,0],"ix":2,"l":2},"a":{"a":0,"k":[594.999,698.885,0],"ix":1,"l":2},"s":{"a":1,"k":[{"i":{"x":[0,0,0],"y":[1,1,1]},"o":{"x":[0.333,0.333,0.333],"y":[0,0,0]},"t":60,"s":[100,100,100]},{"t":90,"s":[130,130,100]}],"ix":6,"l":2}},"ao":0,"shapes":[{"ind":0,"ty":"sh","ix":1,"ks":{"a":0,"k":{"i":[[-8.301,7.774],[-11.33,-1.019],[-147.757,151.182],[-11.761,-8.789],[-94.558,-5.2],[-2.021,-19.487],[112.155,-53.124],[11.517,7.172],[7.73,335.497]],"o":[[8.3,-7.773],[121.174,10.897],[10.26,-10.499],[164.326,122.816],[19.56,1.076],[85.993,830.543],[-12.26,5.807],[-558.973,-348.175],[-0.262,-11.37]],"v":[[29.048,220.021],[59.899,209.402],[554.909,10.749],[595.631,14.973],[1126.905,168.422],[1164.356,204.158],[597.433,1388.785],[559.223,1386.577],[16.43,250.112]],"c":true},"ix":2},"nm":"Path 1","mn":"ADBE Vector Shape - Group","hd":false},{"ty":"fl","c":{"a":0,"k":[1,0.533333333333,0.498039245605,1],"ix":4},"o":{"a":0,"k":100,"ix":5},"r":1,"bm":0,"nm":"Fill 1","mn":"ADBE Vector Graphic - Fill","hd":false}],"ip":60,"op":240,"st":60,"bm":0},{"ddd":0,"ind":15,"ty":4,"nm":"Security 3","sr":1,"ks":{"o":{"a":1,"k":[{"i":{"x":[0.5],"y":[1]},"o":{"x":[0.167],"y":[0.167]},"t":30,"s":[100]},{"t":60,"s":[0]}],"ix":11},"r":{"a":0,"k":0,"ix":10},"p":{"a":0,"k":[2457.188,2064.126,0],"ix":2,"l":2},"a":{"a":0,"k":[594.999,698.885,0],"ix":1,"l":2},"s":{"a":1,"k":[{"i":{"x":[0,0,0],"y":[1,1,1]},"o":{"x":[0.333,0.333,0.333],"y":[0,0,0]},"t":30,"s":[100,100,100]},{"t":60,"s":[130,130,100]}],"ix":6,"l":2}},"ao":0,"shapes":[{"ind":0,"ty":"sh","ix":1,"ks":{"a":0,"k":{"i":[[-8.301,7.774],[-11.33,-1.019],[-147.757,151.182],[-11.761,-8.789],[-94.558,-5.2],[-2.021,-19.487],[112.155,-53.124],[11.517,7.172],[7.73,335.497]],"o":[[8.3,-7.773],[121.174,10.897],[10.26,-10.499],[164.326,122.816],[19.56,1.076],[85.993,830.543],[-12.26,5.807],[-558.973,-348.175],[-0.262,-11.37]],"v":[[29.048,220.021],[59.899,209.402],[554.909,10.749],[595.631,14.973],[1126.905,168.422],[1164.356,204.158],[597.433,1388.785],[559.223,1386.577],[16.43,250.112]],"c":true},"ix":2},"nm":"Path 1","mn":"ADBE Vector Shape - Group","hd":false},{"ty":"fl","c":{"a":0,"k":[1,0.533333333333,0.498039245605,1],"ix":4},"o":{"a":0,"k":100,"ix":5},"r":1,"bm":0,"nm":"Fill 1","mn":"ADBE Vector Graphic - Fill","hd":false}],"ip":30,"op":210,"st":30,"bm":0},{"ddd":0,"ind":16,"ty":4,"nm":"Security 2","sr":1,"ks":{"o":{"a":1,"k":[{"i":{"x":[0.5],"y":[1]},"o":{"x":[0.167],"y":[0.167]},"t":0,"s":[100]},{"t":30,"s":[0]}],"ix":11},"r":{"a":0,"k":0,"ix":10},"p":{"a":0,"k":[2457.188,2064.126,0],"ix":2,"l":2},"a":{"a":0,"k":[594.999,698.885,0],"ix":1,"l":2},"s":{"a":1,"k":[{"i":{"x":[0,0,0],"y":[1,1,1]},"o":{"x":[0.333,0.333,0.333],"y":[0,0,0]},"t":0,"s":[100,100,100]},{"t":30,"s":[130,130,100]}],"ix":6,"l":2}},"ao":0,"shapes":[{"ind":0,"ty":"sh","ix":1,"ks":{"a":0,"k":{"i":[[-8.301,7.774],[-11.33,-1.019],[-147.757,151.182],[-11.761,-8.789],[-94.558,-5.2],[-2.021,-19.487],[112.155,-53.124],[11.517,7.172],[7.73,335.497]],"o":[[8.3,-7.773],[121.174,10.897],[10.26,-10.499],[164.326,122.816],[19.56,1.076],[85.993,830.543],[-12.26,5.807],[-558.973,-348.175],[-0.262,-11.37]],"v":[[29.048,220.021],[59.899,209.402],[554.909,10.749],[595.631,14.973],[1126.905,168.422],[1164.356,204.158],[597.433,1388.785],[559.223,1386.577],[16.43,250.112]],"c":true},"ix":2},"nm":"Path 1","mn":"ADBE Vector Shape - Group","hd":false},{"ty":"fl","c":{"a":0,"k":[1,0.533333333333,0.498039245605,1],"ix":4},"o":{"a":0,"k":100,"ix":5},"r":1,"bm":0,"nm":"Fill 1","mn":"ADBE Vector Graphic - Fill","hd":false}],"ip":0,"op":180,"st":0,"bm":0},{"ddd":0,"ind":17,"ty":4,"nm":"Setting","sr":1,"ks":{"o":{"a":0,"k":100,"ix":11},"r":{"a":1,"k":[{"i":{"x":[0.833],"y":[0.833]},"o":{"x":[0.167],"y":[0.167]},"t":0,"s":[0]},{"t":90,"s":[-360]}],"ix":10},"p":{"a":0,"k":[2549.826,1119.711,0],"ix":2,"l":2},"a":{"a":0,"k":[231.589,234.578,0],"ix":1,"l":2},"s":{"a":0,"k":[100,100,100],"ix":6,"l":2}},"ao":0,"shapes":[{"ty":"gr","it":[{"ind":0,"ty":"sh","ix":1,"ks":{"a":0,"k":{"i":[[24.477,0],[2.728,0.214],[17.863,20.883],[-0.004,23.671],[-23.754,20.317],[-36.874,-43.112],[-0.285,-0.338],[-3.048,-5.395],[-0.01,-0.02],[-0.043,-0.079],[-0.079,-0.138],[-0.042,-0.075],[-0.132,-0.243],[0,0],[4.304,5.036],[32.978,-8.111],[11.352,-9.709],[0.003,-26.196],[-14.929,-17.454],[-38.877,33.259],[-5.31,15.863],[0,0],[14.173,-12.122]],"o":[[-2.709,0],[-27.397,-2.134],[-16.556,-19.352],[0,-29.047],[43.106,-36.882],[0.29,0.335],[3.998,4.801],[0.012,0.023],[0.046,0.082],[0.079,0.141],[0.043,0.078],[0.136,0.243],[0,0],[-3.12,-5.773],[-23.55,-27.525],[-13.602,3.347],[-21.42,18.326],[0,21.347],[33.256,38.871],[12.779,-10.931],[0,0],[-5.892,17.596],[-18.799,16.083]],"v":[[2.813,102.865],[-5.347,102.546],[-75.533,66.852],[-100.187,0.046],[-64.23,-78.201],[80.823,-66.898],[81.684,-65.883],[92.288,-50.539],[92.324,-50.476],[92.459,-50.236],[92.695,-49.815],[92.823,-49.582],[93.221,-48.849],[84.337,-44.049],[73.15,-60.336],[-19.671,-90.07],[-57.667,-70.528],[-90.094,0.039],[-67.86,60.289],[62.958,70.481],[90.607,29.523],[100.188,32.732],[69.52,78.155]],"c":true},"ix":2},"nm":"Path 1","mn":"ADBE Vector Shape - Group","hd":false},{"ty":"fl","c":{"a":0,"k":[1,1,1,1],"ix":4},"o":{"a":0,"k":100,"ix":5},"r":1,"bm":0,"nm":"Fill 1","mn":"ADBE Vector Graphic - Fill","hd":false},{"ty":"tr","p":{"a":0,"k":[225.761,236.073],"ix":2},"a":{"a":0,"k":[0,0],"ix":1},"s":{"a":0,"k":[100,100],"ix":3},"r":{"a":0,"k":0,"ix":6},"o":{"a":0,"k":100,"ix":7},"sk":{"a":0,"k":0,"ix":4},"sa":{"a":0,"k":0,"ix":5},"nm":"Transform"}],"nm":"Group 1","np":2,"cix":2,"bm":0,"ix":1,"mn":"ADBE Vector Group","hd":false},{"ty":"gr","it":[{"ind":0,"ty":"sh","ix":1,"ks":{"a":0,"k":{"i":[[6.181,0],[6.027,-8.512],[-13.931,-9.856],[-8.127,1.397],[-4.774,6.746],[1.393,8.147],[6.746,4.774]],"o":[[-9.712,0],[-9.856,13.933],[6.749,4.777],[8.15,-1.394],[4.777,-6.749],[-1.395,-8.151],[-5.418,-3.837]],"v":[[0.032,-30.941],[-25.274,-17.882],[-17.889,25.262],[5.21,30.506],[25.252,17.881],[30.496,-5.221],[17.871,-25.263]],"c":true},"ix":2},"nm":"Path 1","mn":"ADBE Vector Shape - Group","hd":false},{"ind":1,"ty":"sh","ix":2,"ks":{"a":0,"k":{"i":[[2.327,0],[7.01,4.961],[-13.072,18.476],[-10.806,1.848],[-8.945,-6.332],[-1.848,-10.806],[6.336,-8.949],[10.806,-1.848]],"o":[[-8.42,0],[-18.476,-13.075],[6.335,-8.953],[10.81,-1.851],[8.953,6.336],[1.851,10.81],[-6.335,8.952],[-2.341,0.401]],"v":[[-0.096,41.059],[-23.722,33.508],[-33.519,-23.714],[-6.935,-40.462],[23.703,-33.509],[40.451,-6.928],[33.497,23.714],[6.917,40.461]],"c":true},"ix":2},"nm":"Path 2","mn":"ADBE Vector Shape - Group","hd":false},{"ty":"mm","mm":1,"nm":"Merge Paths 1","mn":"ADBE Vector Filter - Merge","hd":false},{"ty":"fl","c":{"a":0,"k":[1,1,1,1],"ix":4},"o":{"a":0,"k":100,"ix":5},"r":1,"bm":0,"nm":"Fill 1","mn":"ADBE Vector Graphic - Fill","hd":false},{"ty":"tr","p":{"a":0,"k":[229.278,236.047],"ix":2},"a":{"a":0,"k":[0,0],"ix":1},"s":{"a":0,"k":[100,100],"ix":3},"r":{"a":0,"k":0,"ix":6},"o":{"a":0,"k":100,"ix":7},"sk":{"a":0,"k":0,"ix":4},"sa":{"a":0,"k":0,"ix":5},"nm":"Transform"}],"nm":"Group 2","np":4,"cix":2,"bm":0,"ix":2,"mn":"ADBE Vector Group","hd":false},{"ty":"gr","it":[{"ind":0,"ty":"sh","ix":1,"ks":{"a":0,"k":{"i":[[0,0],[1.087,0.472],[0,0],[7.466,14.426],[0,0],[0.77,0.901],[0,0],[1.101,-0.434],[0,0],[15.044,4.782],[0,0],[1.182,0.092],[0,0],[0.471,-1.087],[0,0],[14.426,-7.466],[0,0],[0.9,-0.77],[0,0],[-0.435,-1.103],[0,0],[4.782,-15.044],[0,0],[0.093,-1.18],[0,0],[-1.088,-0.472],[0,0],[-7.466,-14.427],[0,0],[-0.77,-0.901],[0,0],[-1.102,0.435],[0,0],[-15.043,-4.782],[0,0],[-1.181,-0.093],[0,0],[-0.473,1.086],[0,0],[-14.427,7.466],[0,0],[-0.9,0.771],[0,0],[0.433,1.102],[0,0],[-4.783,15.043],[0,0],[-0.093,1.183]],"o":[[0.092,-1.181],[0,0],[-2.395,-15.603],[0,0],[0.6,-1.022],[0,0],[-0.772,-0.9],[0,0],[-13.097,-9.61],[0,0],[-0.298,-1.146],[0,0],[-1.181,-0.093],[0,0],[-15.603,2.395],[0,0],[-1.022,-0.601],[0,0],[-0.9,0.769],[0,0],[-9.61,13.097],[0,0],[-1.145,0.299],[0,0],[-0.091,1.181],[0,0],[2.394,15.602],[0,0],[-0.6,1.022],[0,0],[0.77,0.9],[0,0],[13.097,9.611],[0,0],[0.298,1.147],[0,0],[1.181,0.091],[0,0],[15.602,-2.395],[0,0],[1.02,0.599],[0,0],[0.902,-0.771],[0,0],[9.61,-13.097],[0,0],[1.147,-0.298],[0,0]],"v":[[179.051,-6.382],[177.389,-9.145],[146.387,-22.612],[131.626,-67.973],[148.734,-97.099],[148.45,-100.312],[122.096,-131.12],[118.966,-131.899],[87.542,-119.509],[45.014,-141.117],[36.511,-173.832],[34.038,-175.9],[-6.382,-179.05],[-9.144,-177.387],[-22.612,-146.386],[-67.974,-131.625],[-97.1,-148.733],[-100.311,-148.449],[-131.121,-122.094],[-131.9,-118.964],[-119.509,-87.542],[-141.118,-45.012],[-173.832,-36.51],[-175.901,-34.039],[-179.051,6.383],[-177.387,9.146],[-146.386,22.613],[-131.626,67.975],[-148.734,97.101],[-148.451,100.312],[-122.095,131.123],[-118.966,131.899],[-87.542,119.51],[-45.014,141.118],[-36.511,173.832],[-34.039,175.903],[6.382,179.052],[9.146,177.389],[22.612,146.388],[67.974,131.626],[97.1,148.736],[100.312,148.45],[131.12,122.096],[131.9,118.968],[119.508,87.542],[141.118,45.015],[173.83,36.511],[175.901,34.039]],"c":true},"ix":2},"nm":"Path 1","mn":"ADBE Vector Shape - Group","hd":false},{"ty":"fl","c":{"a":0,"k":[0.591472670611,0.717538631664,0.981041882085,1],"ix":4},"o":{"a":0,"k":100,"ix":5},"r":1,"bm":0,"nm":"Fill 1","mn":"ADBE Vector Graphic - Fill","hd":false},{"ty":"tr","p":{"a":0,"k":[229.268,236.046],"ix":2},"a":{"a":0,"k":[0,0],"ix":1},"s":{"a":0,"k":[100,100],"ix":3},"r":{"a":0,"k":0,"ix":6},"o":{"a":0,"k":100,"ix":7},"sk":{"a":0,"k":0,"ix":4},"sa":{"a":0,"k":0,"ix":5},"nm":"Transform"}],"nm":"Group 3","np":2,"cix":2,"bm":0,"ix":3,"mn":"ADBE Vector Group","hd":false},{"ty":"gr","it":[{"ind":0,"ty":"sh","ix":1,"ks":{"a":0,"k":{"i":[[0.171,0],[0.259,1.66],[0.927,4.303],[-1.817,0.391],[-0.392,-1.815],[-0.701,-4.474],[1.838,-0.286]],"o":[[-1.631,0],[-0.678,-4.349],[-0.392,-1.818],[1.849,-0.391],[0.953,4.428],[0.285,1.838],[-0.176,0.026]],"v":[[1.26,10.139],[-2.064,7.292],[-4.484,-5.747],[-1.904,-9.748],[2.098,-7.167],[4.59,6.253],[1.781,10.1]],"c":true},"ix":2},"nm":"Path 1","mn":"ADBE Vector Shape - Group","hd":false},{"ty":"fl","c":{"a":0,"k":[0.591472670611,0.717538631664,0.981041882085,1],"ix":4},"o":{"a":0,"k":100,"ix":5},"r":1,"bm":0,"nm":"Fill 1","mn":"ADBE Vector Graphic - Fill","hd":false},{"ty":"tr","p":{"a":0,"k":[457.995,192.225],"ix":2},"a":{"a":0,"k":[0,0],"ix":1},"s":{"a":0,"k":[100,100],"ix":3},"r":{"a":0,"k":0,"ix":6},"o":{"a":0,"k":100,"ix":7},"sk":{"a":0,"k":0,"ix":4},"sa":{"a":0,"k":0,"ix":5},"nm":"Transform"}],"nm":"Group 4","np":2,"cix":2,"bm":0,"ix":4,"mn":"ADBE Vector Group","hd":false},{"ty":"gr","it":[{"ind":0,"ty":"sh","ix":1,"ks":{"a":0,"k":{"i":[[0.174,0],[0.259,1.656],[-1.838,0.289],[-9.012,0.381],[-0.075,-1.861],[1.857,-0.079],[8.615,-1.362]],"o":[[-1.627,0],[-0.293,-1.838],[8.866,-1.404],[1.861,-0.039],[0.079,1.858],[-8.755,0.368],[-0.177,0.029]],"v":[[-62.934,-64.322],[-66.254,-67.162],[-63.457,-71.012],[-36.511,-73.702],[-33.006,-70.48],[-36.229,-66.975],[-62.406,-64.364]],"c":true},"ix":2},"nm":"Path 1","mn":"ADBE Vector Shape - Group","hd":false},{"ind":1,"ty":"sh","ix":2,"ks":{"a":0,"k":{"i":[[1.489,0],[0.289,0.076],[8.654,1.258],[-0.27,1.838],[-1.851,-0.315],[-8.697,-2.308],[0.477,-1.798]],"o":[[-0.286,0],[-8.443,-2.242],[-1.841,-0.267],[0.266,-1.845],[8.909,1.296],[1.794,0.476],[-0.401,1.506]],"v":[[33.057,-59.397],[32.188,-59.509],[6.423,-64.785],[3.575,-68.599],[7.39,-71.447],[33.918,-66.018],[36.308,-61.899]],"c":true},"ix":2},"nm":"Path 2","mn":"ADBE Vector Shape - Group","hd":false},{"ind":2,"ty":"sh","ix":3,"ks":{"a":0,"k":{"i":[[0.502,0],[0.588,1.184],[-1.664,0.828],[-8.49,3.058],[-0.631,-1.749],[1.749,-0.628],[7.808,-3.883]],"o":[[-1.24,0],[-0.829,-1.666],[8.045,-3.998],[1.758,-0.624],[0.631,1.749],[-8.245,2.969],[-0.484,0.24]],"v":[[-129.458,-43.1],[-132.475,-44.968],[-130.959,-49.481],[-106.045,-60.111],[-101.74,-58.082],[-103.764,-53.775],[-127.961,-43.452]],"c":true},"ix":2},"nm":"Path 3","mn":"ADBE Vector Shape - Group","hd":false},{"ind":3,"ty":"sh","ix":4,"ks":{"a":0,"k":{"i":[[1.118,0],[0.558,0.352],[7.87,3.78],[-0.806,1.676],[-1.687,-0.815],[-7.608,-4.806],[0.994,-1.571]],"o":[[-0.614,0],[-7.391,-4.671],[-1.677,-0.806],[0.801,-1.677],[8.104,3.893],[1.571,0.996],[-0.64,1.013]],"v":[[97.031,-31.471],[95.237,-31.991],[72.24,-44.727],[70.662,-49.218],[75.152,-50.797],[98.833,-37.685],[99.882,-33.04]],"c":true},"ix":2},"nm":"Path 4","mn":"ADBE Vector Shape - Group","hd":false},{"ind":4,"ty":"sh","ix":5,"ks":{"a":0,"k":{"i":[[0.834,0],[0.661,0.694],[-1.343,1.282],[-1.394,1.276],[-5.662,4.298],[-1.124,-1.486],[1.483,-1.124],[5.109,-4.662],[1.325,-1.266]],"o":[[-0.888,0],[-1.282,-1.348],[1.366,-1.298],[5.26,-4.8],[1.48,-1.127],[1.128,1.479],[-5.497,4.179],[-1.358,1.243],[-0.655,0.621]],"v":[[-186.581,-2.921],[-189.017,-3.963],[-188.906,-8.724],[-184.77,-12.587],[-168.312,-26.297],[-163.597,-25.652],[-164.241,-20.938],[-180.229,-7.616],[-184.256,-3.851]],"c":true},"ix":2},"nm":"Path 5","mn":"ADBE Vector Shape - Group","hd":false},{"ind":5,"ty":"sh","ix":6,"ks":{"a":0,"k":{"i":[[0.773,0],[0.667,0.783],[1.802,1.976],[4.446,4.155],[-1.269,1.358],[-1.361,-1.272],[-4.226,-4.632],[-1.768,-2.077],[1.414,-1.207]],"o":[[-0.949,0],[-1.716,-2.018],[-4.109,-4.501],[-1.357,-1.273],[1.272,-1.361],[4.57,4.278],[1.853,2.029],[1.204,1.417],[-0.634,0.539]],"v":[[149.74,14.346],[147.176,13.162],[141.898,7.172],[129.01,-5.873],[128.854,-10.634],[133.614,-10.792],[146.871,2.635],[152.303,8.796],[151.923,13.544]],"c":true},"ix":2},"nm":"Path 6","mn":"ADBE Vector Shape - Group","hd":false},{"ind":6,"ty":"sh","ix":7,"ks":{"a":0,"k":{"i":[[0.442,0],[0.546,1.282],[4.334,7.599],[-1.615,0.92],[-0.924,-1.614],[-3.518,-8.282],[1.713,-0.727]],"o":[[-1.307,0],[-3.413,-8.042],[-0.92,-1.614],[1.614,-0.921],[4.458,7.825],[0.726,1.709],[-0.428,0.181]],"v":[[186.473,73.741],[183.374,71.69],[171.702,48.12],[172.962,43.528],[177.553,44.787],[189.573,69.06],[187.789,73.475]],"c":true},"ix":2},"nm":"Path 7","mn":"ADBE Vector Shape - Group","hd":false},{"ty":"mm","mm":1,"nm":"Merge Paths 1","mn":"ADBE Vector Filter - Merge","hd":false},{"ty":"fl","c":{"a":0,"k":[0.591472670611,0.717538631664,0.981041882085,1],"ix":4},"o":{"a":0,"k":100,"ix":5},"r":1,"bm":0,"nm":"Fill 1","mn":"ADBE Vector Graphic - Fill","hd":false},{"ty":"tr","p":{"a":0,"k":[257.198,73.991],"ix":2},"a":{"a":0,"k":[0,0],"ix":1},"s":{"a":0,"k":[100,100],"ix":3},"r":{"a":0,"k":0,"ix":6},"o":{"a":0,"k":100,"ix":7},"sk":{"a":0,"k":0,"ix":4},"sa":{"a":0,"k":0,"ix":5},"nm":"Transform"}],"nm":"Group 5","np":9,"cix":2,"bm":0,"ix":5,"mn":"ADBE Vector Group","hd":false},{"ty":"gr","it":[{"ind":0,"ty":"sh","ix":1,"ks":{"a":0,"k":{"i":[[1.118,0],[0.559,0.353],[-0.992,1.575],[-2.633,3.686],[-1.51,-1.079],[1.082,-1.513],[2.35,-3.732]],"o":[[-0.614,0],[-1.572,-0.989],[2.417,-3.839],[1.082,-1.509],[1.515,1.081],[-2.558,3.58],[-0.638,1.015]],"v":[[-3.747,9.181],[-5.538,8.661],[-6.591,4.019],[1.024,-7.32],[5.719,-8.102],[6.501,-3.407],[-0.896,7.61]],"c":true},"ix":2},"nm":"Path 1","mn":"ADBE Vector Shape - Group","hd":false},{"ty":"fl","c":{"a":0,"k":[0.591472670611,0.717538631664,0.981041882085,1],"ix":4},"o":{"a":0,"k":100,"ix":5},"r":1,"bm":0,"nm":"Fill 1","mn":"ADBE Vector Graphic - Fill","hd":false},{"ty":"tr","p":{"a":0,"k":[38.461,105.809],"ix":2},"a":{"a":0,"k":[0,0],"ix":1},"s":{"a":0,"k":[100,100],"ix":3},"r":{"a":0,"k":0,"ix":6},"o":{"a":0,"k":100,"ix":7},"sk":{"a":0,"k":0,"ix":4},"sa":{"a":0,"k":0,"ix":5},"nm":"Transform"}],"nm":"Group 6","np":2,"cix":2,"bm":0,"ix":6,"mn":"ADBE Vector Group","hd":false},{"ty":"gr","it":[{"ind":0,"ty":"sh","ix":1,"ks":{"a":0,"k":{"i":[[0.286,0],[0.4,1.509],[0.904,4.442],[-1.826,0.372],[-0.365,-1.824],[-1.127,-4.254],[1.798,-0.476]],"o":[[-1.489,0],[-1.161,-4.376],[-0.372,-1.822],[1.821,-0.371],[0.881,4.314],[0.477,1.795],[-0.29,0.076]],"v":[[1.499,10.068],[-1.752,7.564],[-4.862,-5.728],[-2.235,-9.697],[1.732,-7.07],[4.757,5.841],[2.364,9.957]],"c":true},"ix":2},"nm":"Path 1","mn":"ADBE Vector Shape - Group","hd":false},{"ty":"fl","c":{"a":0,"k":[0.591472670611,0.717538631664,0.981041882085,1],"ix":4},"o":{"a":0,"k":100,"ix":5},"r":1,"bm":0,"nm":"Fill 1","mn":"ADBE Vector Graphic - Fill","hd":false},{"ty":"tr","p":{"a":0,"k":[5.484,287.625],"ix":2},"a":{"a":0,"k":[0,0],"ix":1},"s":{"a":0,"k":[100,100],"ix":3},"r":{"a":0,"k":0,"ix":6},"o":{"a":0,"k":100,"ix":7},"sk":{"a":0,"k":0,"ix":4},"sa":{"a":0,"k":0,"ix":5},"nm":"Transform"}],"nm":"Group 7","np":2,"cix":2,"bm":0,"ix":7,"mn":"ADBE Vector Group","hd":false},{"ty":"gr","it":[{"ind":0,"ty":"sh","ix":1,"ks":{"a":0,"k":{"i":[[0.621,0],[0.641,1.007],[3.998,8.239],[-1.674,0.812],[-0.812,-1.67],[-4.79,-7.48],[1.568,-1.003]],"o":[[-1.107,0],[-4.934,-7.699],[-0.812,-1.674],[1.679,-0.809],[3.883,7.999],[1.003,1.565],[-0.562,0.361]],"v":[[-177.388,-37.602],[-180.225,-39.153],[-193.685,-63.169],[-192.126,-67.667],[-187.629,-66.108],[-174.557,-42.782],[-175.576,-38.134]],"c":true},"ix":2},"nm":"Path 1","mn":"ADBE Vector Shape - Group","hd":false},{"ind":1,"ty":"sh","ix":2,"ks":{"a":0,"k":{"i":[[0.799,0],[0.664,0.743],[-1.388,1.237],[0,0],[-5.309,5.967],[-1.39,-1.242],[1.237,-1.387],[6.096,-5.56],[0,0]],"o":[[-0.924,0],[-1.239,-1.387],[0,0],[5.921,-5.402],[1.233,-1.397],[1.391,1.237],[-5.461,6.145],[0,0],[-0.644,0.572]],"v":[[171.568,10.561],[169.056,9.436],[169.326,4.682],[171.305,2.896],[188.23,-14.235],[192.981,-14.515],[193.26,-9.764],[175.841,7.875],[173.81,9.706]],"c":true},"ix":2},"nm":"Path 2","mn":"ADBE Vector Shape - Group","hd":false},{"ind":2,"ty":"sh","ix":3,"ks":{"a":0,"k":{"i":[[0.965,0],[0.628,0.525],[6.309,6.654],[-1.348,1.279],[-1.275,-1.347],[-6.8,-5.678],[1.194,-1.427]],"o":[[-0.76,0],[-7,-5.843],[-1.28,-1.351],[1.351,-1.276],[6.132,6.471],[1.426,1.19],[-0.664,0.799]],"v":[[-130.452,15.636],[-132.606,14.854],[-152.664,-3.981],[-152.539,-8.741],[-147.779,-8.617],[-128.292,9.686],[-127.866,14.427]],"c":true},"ix":2},"nm":"Path 3","mn":"ADBE Vector Shape - Group","hd":false},{"ind":3,"ty":"sh","ix":4,"ks":{"a":0,"k":{"i":[[0.457,0],[0.558,1.249],[-1.696,0.759],[-7.627,4.553],[-0.957,-1.598],[1.597,-0.954],[8.357,-3.735]],"o":[[-1.289,0],[-0.76,-1.7],[8.117,-3.626],[1.588,-0.957],[0.953,1.598],[-7.855,4.691],[-0.447,0.2]],"v":[[111.992,49.148],[108.915,47.156],[110.614,42.708],[134.344,30.379],[138.961,31.542],[137.797,36.158],[113.363,48.855]],"c":true},"ix":2},"nm":"Path 4","mn":"ADBE Vector Shape - Group","hd":false},{"ind":4,"ty":"sh","ix":5,"ks":{"a":0,"k":{"i":[[1.328,0],[0.417,0.168],[8.022,4.419],[-0.897,1.628],[-1.633,-0.891],[-8.219,-3.34],[0.7,-1.723]],"o":[[-0.424,0],[-8.463,-3.439],[-1.628,-0.898],[0.898,-1.627],[7.792,4.29],[1.719,0.7],[-0.532,1.306]],"v":[[-69.627,52.17],[-70.896,51.923],[-95.738,40.081],[-97.063,35.507],[-92.49,34.183],[-68.358,45.683],[-66.507,50.072]],"c":true},"ix":2},"nm":"Path 5","mn":"ADBE Vector Shape - Group","hd":false},{"ind":5,"ty":"sh","ix":6,"ks":{"a":0,"k":{"i":[[0.125,0],[0.194,1.719],[-1.848,0.207],[-8.627,2.006],[-0.421,-1.815],[1.811,-0.42],[9.12,-1.023]],"o":[[-1.692,0],[-0.208,-1.848],[8.86,-0.993],[1.795,-0.44],[0.421,1.812],[-8.884,2.068],[-0.128,0.012]],"v":[[43.489,67.762],[40.146,64.771],[43.118,61.05],[69.472,56.531],[73.512,59.047],[70.998,63.088],[43.867,67.744]],"c":true},"ix":2},"nm":"Path 6","mn":"ADBE Vector Shape - Group","hd":false},{"ind":6,"ty":"sh","ix":7,"ks":{"a":0,"k":{"i":[[1.738,0],[0.089,0.006],[8.959,1.769],[-0.358,1.822],[-1.815,-0.361],[-8.87,-0.697],[0.146,-1.851]],"o":[[-0.089,0],[-9.13,-0.72],[-1.825,-0.361],[0.364,-1.824],[8.709,1.723],[1.855,0.148],[-0.137,1.766]],"v":[[-0.542,68.477],[-0.809,68.467],[-28.074,64.715],[-30.727,60.76],[-26.772,58.106],[-0.284,61.752],[2.81,65.373]],"c":true},"ix":2},"nm":"Path 7","mn":"ADBE Vector Shape - Group","hd":false},{"ty":"mm","mm":1,"nm":"Merge Paths 1","mn":"ADBE Vector Filter - Merge","hd":false},{"ty":"fl","c":{"a":0,"k":[0.591472670611,0.717538631664,0.981041882085,1],"ix":4},"o":{"a":0,"k":100,"ix":5},"r":1,"bm":0,"nm":"Fill 1","mn":"ADBE Vector Graphic - Fill","hd":false},{"ty":"tr","p":{"a":0,"k":[213.007,400.392],"ix":2},"a":{"a":0,"k":[0,0],"ix":1},"s":{"a":0,"k":[100,100],"ix":3},"r":{"a":0,"k":0,"ix":6},"o":{"a":0,"k":100,"ix":7},"sk":{"a":0,"k":0,"ix":4},"sa":{"a":0,"k":0,"ix":5},"nm":"Transform"}],"nm":"Group 8","np":9,"cix":2,"bm":0,"ix":8,"mn":"ADBE Vector Group","hd":false},{"ty":"gr","it":[{"ind":0,"ty":"sh","ix":1,"ks":{"a":0,"k":{"i":[[1.15,0],[0.539,0.319],[-0.946,1.601],[-2.002,3.879],[-1.66,-0.848],[0.851,-1.654],[2.331,-3.933]],"o":[[-0.582,0],[-1.601,-0.947],[2.263,-3.82],[0.852,-1.65],[1.651,0.852],[-2.062,3.995],[-0.628,1.062]],"v":[[-3.264,9.49],[-4.978,9.02],[-6.158,4.407],[0.27,-7.195],[4.806,-8.642],[6.253,-4.105],[-0.365,7.84]],"c":true},"ix":2},"nm":"Path 1","mn":"ADBE Vector Shape - Group","hd":false},{"ty":"fl","c":{"a":0,"k":[0.591472670611,0.717538631664,0.981041882085,1],"ix":4},"o":{"a":0,"k":100,"ix":5},"r":1,"bm":0,"nm":"Fill 1","mn":"ADBE Vector Graphic - Fill","hd":false},{"ty":"tr","p":{"a":0,"k":[433.012,346.702],"ix":2},"a":{"a":0,"k":[0,0],"ix":1},"s":{"a":0,"k":[100,100],"ix":3},"r":{"a":0,"k":0,"ix":6},"o":{"a":0,"k":100,"ix":7},"sk":{"a":0,"k":0,"ix":4},"sa":{"a":0,"k":0,"ix":5},"nm":"Transform"}],"nm":"Group 9","np":2,"cix":2,"bm":0,"ix":9,"mn":"ADBE Vector Group","hd":false}],"ip":0,"op":180,"st":0,"bm":0},{"ddd":0,"ind":18,"ty":4,"nm":"Setting","sr":1,"ks":{"o":{"a":0,"k":100,"ix":11},"r":{"a":1,"k":[{"i":{"x":[0.833],"y":[0.833]},"o":{"x":[0.167],"y":[0.167]},"t":0,"s":[0]},{"t":90,"s":[360]}],"ix":10},"p":{"a":0,"k":[1976.14,908.807,0],"ix":2,"l":2},"a":{"a":0,"k":[447.134,454.057,0],"ix":1,"l":2},"s":{"a":0,"k":[100,100,100],"ix":6,"l":2}},"ao":0,"shapes":[{"ty":"gr","it":[{"ind":0,"ty":"sh","ix":1,"ks":{"a":0,"k":{"i":[[46.518,0],[5.185,0.404],[33.943,39.682],[0,46.518],[-0.405,5.188],[-39.686,33.945],[-52.063,-4.057],[-33.942,-39.682],[-6.573,-12.168],[0,0],[8.601,10.05],[49.371,3.847],[37.635,-32.186],[3.849,-49.371],[0,-4.882],[-28.984,-33.882],[-49.372,-3.847],[-37.628,32.189],[-10.61,31.697],[0,0],[26.932,-23.037]],"o":[[-5.146,0],[-52.065,-4.054],[-30.565,-35.728],[0,-5.148],[4.057,-52.06],[39.676,-33.943],[52.065,4.054],[9.065,10.593],[0,0],[-6.234,-11.54],[-32.189,-37.635],[-49.371,-3.814],[-37.63,32.193],[-0.382,4.918],[0,44.114],[32.19,37.632],[49.407,3.85],[25.542,-21.85],[0,0],[-11.191,33.43],[-35.728,30.563]],"v":[[5.391,195.51],[-10.107,194.905],[-143.48,127.08],[-190.434,0.316],[-189.829,-15.189],[-122.001,-148.56],[20.264,-194.907],[153.636,-127.082],[177.203,-92.778],[168.319,-87.978],[145.962,-120.516],[19.482,-184.84],[-115.439,-140.887],[-179.762,-14.403],[-180.335,0.3],[-135.806,120.517],[-9.325,184.838],[125.595,140.885],[180.855,59.034],[190.435,62.243],[132.158,148.558]],"c":true},"ix":2},"nm":"Path 1","mn":"ADBE Vector Shape - Group","hd":false},{"ty":"fl","c":{"a":0,"k":[1,1,1,1],"ix":4},"o":{"a":0,"k":100,"ix":5},"r":1,"bm":0,"nm":"Fill 1","mn":"ADBE Vector Graphic - Fill","hd":false},{"ty":"tr","p":{"a":0,"k":[435.86,456.42],"ix":2},"a":{"a":0,"k":[0,0],"ix":1},"s":{"a":0,"k":[100,100],"ix":3},"r":{"a":0,"k":0,"ix":6},"o":{"a":0,"k":100,"ix":7},"sk":{"a":0,"k":0,"ix":4},"sa":{"a":0,"k":0,"ix":5},"nm":"Transform"}],"nm":"Group 1","np":2,"cix":2,"bm":0,"ix":1,"mn":"ADBE Vector Group","hd":false},{"ty":"gr","it":[{"ind":0,"ty":"sh","ix":1,"ks":{"a":0,"k":{"i":[[13.338,0],[3.709,-0.635],[10.034,-14.179],[-29.271,-20.712],[-17.133,2.923],[-10.034,14.179],[2.929,17.122],[14.179,10.034]],"o":[[-3.686,0],[-17.122,2.929],[-20.716,29.271],[14.18,10.037],[17.122,-2.929],[10.037,-14.181],[-2.933,-17.122],[-11.11,-7.861]],"v":[[0.115,-65.049],[-10.994,-64.099],[-53.106,-37.568],[-37.591,53.084],[10.952,64.101],[53.06,37.57],[64.081,-10.97],[37.546,-53.082]],"c":true},"ix":2},"nm":"Path 1","mn":"ADBE Vector Shape - Group","hd":false},{"ind":1,"ty":"sh","ix":2,"ks":{"a":0,"k":{"i":[[4.258,0],[12.832,9.081],[-23.93,33.817],[-19.782,3.386],[-16.379,-11.589],[-3.383,-19.779],[11.593,-16.379],[19.782,-3.386]],"o":[[-15.409,0.004],[-33.817,-23.93],[11.593,-16.382],[19.782,-3.377],[16.383,11.596],[3.387,19.782],[-11.591,16.382],[-4.283,0.733]],"v":[[-0.181,75.151],[-43.424,61.329],[-61.352,-43.4],[-12.697,-74.054],[43.378,-61.328],[74.032,-12.676],[61.305,43.402],[12.654,74.056]],"c":true},"ix":2},"nm":"Path 2","mn":"ADBE Vector Shape - Group","hd":false},{"ty":"mm","mm":1,"nm":"Merge Paths 1","mn":"ADBE Vector Filter - Merge","hd":false},{"ty":"fl","c":{"a":0,"k":[1,1,1,1],"ix":4},"o":{"a":0,"k":100,"ix":5},"r":1,"bm":0,"nm":"Fill 1","mn":"ADBE Vector Graphic - Fill","hd":false},{"ty":"tr","p":{"a":0,"k":[442.639,456.41],"ix":2},"a":{"a":0,"k":[0,0],"ix":1},"s":{"a":0,"k":[100,100],"ix":3},"r":{"a":0,"k":0,"ix":6},"o":{"a":0,"k":100,"ix":7},"sk":{"a":0,"k":0,"ix":4},"sa":{"a":0,"k":0,"ix":5},"nm":"Transform"}],"nm":"Group 2","np":4,"cix":2,"bm":0,"ix":2,"mn":"ADBE Vector Group","hd":false},{"ty":"gr","it":[{"ind":0,"ty":"sh","ix":1,"ks":{"a":0,"k":{"i":[[0,0],[2.115,0.919],[0,0],[14.534,28.085],[0,0],[1.499,1.753],[0,0],[2.144,-0.845],[0,0],[29.287,9.31],[0,0],[2.298,0.179],[0,0],[0.918,-2.115],[0,0],[28.085,-14.534],[0,0],[1.754,-1.499],[0,0],[-0.846,-2.146],[0,0],[9.309,-29.285],[0,0],[0.179,-2.299],[0,0],[-2.116,-0.919],[0,0],[-14.534,-28.086],[0,0],[-1.499,-1.752],[0,0],[-2.145,0.846],[0,0],[-29.286,-9.309],[0,0],[-2.3,-0.179],[0,0],[-0.92,2.117],[0,0],[-28.085,14.535],[0,0],[-1.752,1.499],[0,0],[0.845,2.146],[0,0],[-9.311,29.284],[0,0],[-0.18,2.3]],"o":[[0.179,-2.299],[0,0],[-4.662,-30.373],[0,0],[1.169,-1.989],[0,0],[-1.5,-1.753],[0,0],[-25.497,-18.708],[0,0],[-0.58,-2.232],[0,0],[-2.301,-0.179],[0,0],[-30.374,4.662],[0,0],[-1.989,-1.169],[0,0],[-1.752,1.499],[0,0],[-18.71,25.496],[0,0],[-2.231,0.581],[0,0],[-0.18,2.299],[0,0],[4.662,30.373],[0,0],[-1.167,1.988],[0,0],[1.499,1.753],[0,0],[25.495,18.71],[0,0],[0.579,2.233],[0,0],[2.299,0.178],[0,0],[30.373,-4.663],[0,0],[1.987,1.168],[0,0],[1.753,-1.499],[0,0],[18.709,-25.496],[0,0],[2.232,-0.58],[0,0]],"v":[[348.565,-12.424],[345.329,-17.802],[284.976,-44.021],[256.242,-132.327],[289.545,-189.028],[288.993,-195.281],[237.687,-255.256],[231.597,-256.772],[170.421,-232.653],[87.629,-274.719],[71.076,-338.403],[66.265,-342.432],[-12.423,-348.563],[-17.802,-345.328],[-44.02,-284.977],[-132.326,-256.24],[-189.027,-289.545],[-195.28,-288.992],[-255.257,-237.686],[-256.772,-231.594],[-232.651,-170.419],[-274.717,-87.63],[-338.403,-71.076],[-342.433,-66.264],[-348.564,12.425],[-345.328,17.803],[-284.976,44.021],[-256.241,132.329],[-289.547,189.03],[-288.993,195.281],[-237.686,255.259],[-231.595,256.772],[-170.42,232.652],[-87.628,274.719],[-71.076,338.403],[-66.263,342.433],[12.425,348.564],[17.804,345.328],[44.021,284.978],[132.328,256.24],[189.029,289.547],[195.28,288.993],[255.256,237.687],[256.774,231.596],[232.652,170.422],[274.718,87.631],[338.403,71.076],[342.433,66.265]],"c":true},"ix":2},"nm":"Path 1","mn":"ADBE Vector Shape - Group","hd":false},{"ty":"fl","c":{"a":0,"k":[0.591472670611,0.717538631664,0.981041882085,1],"ix":4},"o":{"a":0,"k":100,"ix":5},"r":1,"bm":0,"nm":"Fill 1","mn":"ADBE Vector Graphic - Fill","hd":false},{"ty":"tr","p":{"a":0,"k":[442.617,456.41],"ix":2},"a":{"a":0,"k":[0,0],"ix":1},"s":{"a":0,"k":[100,100],"ix":3},"r":{"a":0,"k":0,"ix":6},"o":{"a":0,"k":100,"ix":7},"sk":{"a":0,"k":0,"ix":4},"sa":{"a":0,"k":0,"ix":5},"nm":"Transform"}],"nm":"Group 3","np":2,"cix":2,"bm":0,"ix":3,"mn":"ADBE Vector Group","hd":false},{"ty":"gr","it":[{"ind":0,"ty":"sh","ix":1,"ks":{"a":0,"k":{"i":[[0.171,0],[0.26,1.66],[0.822,4.382],[-1.828,0.342],[-0.342,-1.825],[-0.697,-4.461],[1.838,-0.285]],"o":[[-1.631,0],[-0.685,-4.396],[-0.339,-1.828],[1.819,-0.316],[0.829,4.448],[0.285,1.838],[-0.176,0.027]],"v":[[1.151,10.129],[-2.172,7.282],[-4.428,-5.885],[-1.736,-9.813],[2.193,-7.121],[4.482,6.243],[1.673,10.09]],"c":true},"ix":2},"nm":"Path 1","mn":"ADBE Vector Shape - Group","hd":false},{"ty":"fl","c":{"a":0,"k":[0.591472670611,0.717538631664,0.981041882085,1],"ix":4},"o":{"a":0,"k":100,"ix":5},"r":1,"bm":0,"nm":"Fill 1","mn":"ADBE Vector Graphic - Fill","hd":false},{"ty":"tr","p":{"a":0,"k":[889.192,377.526],"ix":2},"a":{"a":0,"k":[0,0],"ix":1},"s":{"a":0,"k":[100,100],"ix":3},"r":{"a":0,"k":0,"ix":6},"o":{"a":0,"k":100,"ix":7},"sk":{"a":0,"k":0,"ix":4},"sa":{"a":0,"k":0,"ix":5},"nm":"Transform"}],"nm":"Group 4","np":2,"cix":2,"bm":0,"ix":4,"mn":"ADBE Vector Group","hd":false},{"ty":"gr","it":[{"ind":0,"ty":"sh","ix":1,"ks":{"a":0,"k":{"i":[[0.079,0],[0.123,1.772],[-1.855,0.128],[-9.294,0.079],[0,0],[-0.017,-1.848],[1.857,-0.016],[9.104,-0.637]],"o":[[-1.752,0],[-0.13,-1.857],[9.245,-0.651],[0,0],[1.848,0],[0.016,1.86],[-9.16,0.079],[-0.082,0.007]],"v":[[-74.354,-157.223],[-77.708,-160.353],[-74.587,-163.946],[-46.649,-165.044],[-46.619,-165.044],[-43.252,-161.707],[-46.59,-158.311],[-74.114,-157.233]],"c":true},"ix":2},"nm":"Path 1","mn":"ADBE Vector Shape - Group","hd":false},{"ind":1,"ty":"sh","ix":2,"ks":{"a":0,"k":{"i":[[1.634,0],[0.172,0.026],[9.108,0.829],[-0.167,1.851],[-1.89,-0.174],[-9.173,-1.407],[0.283,-1.837]],"o":[[-0.168,0],[-9.041,-1.387],[-1.85,-0.168],[0.171,-1.851],[9.242,0.842],[1.838,0.283],[-0.253,1.667]],"v":[[25.987,-153.094],[25.472,-153.133],[-1.874,-156.47],[-4.921,-160.129],[-1.262,-163.177],[26.492,-159.787],[29.31,-155.951]],"c":true},"ix":2},"nm":"Path 2","mn":"ADBE Vector Shape - Group","hd":false},{"ind":2,"ty":"sh","ix":3,"ks":{"a":0,"k":{"i":[[0.257,0],[0.364,1.548],[-1.808,0.428],[-9.13,1.562],[-0.312,-1.832],[1.831,-0.313],[8.92,-2.104]],"o":[[-1.525,0],[-0.424,-1.808],[9.054,-2.133],[1.874,-0.296],[0.316,1.834],[-8.995,1.538],[-0.26,0.059]],"v":[[-146.325,-146.301],[-149.6,-148.895],[-147.095,-152.946],[-119.689,-158.515],[-115.803,-155.766],[-118.55,-151.88],[-145.549,-146.39]],"c":true},"ix":2},"nm":"Path 3","mn":"ADBE Vector Shape - Group","hd":false},{"ind":3,"ty":"sh","ix":4,"ks":{"a":0,"k":{"i":[[1.421,0],[0.345,0.112],[8.856,2.282],[-0.463,1.798],[-1.773,-0.461],[-8.82,-2.86],[0.571,-1.768]],"o":[[-0.341,0],[-8.689,-2.818],[-1.802,-0.463],[0.464,-1.802],[8.991,2.317],[1.77,0.572],[-0.461,1.424]],"v":[[96.795,-136.3],[95.757,-136.464],[69.311,-144.148],[66.888,-148.247],[70.988,-150.67],[97.835,-142.869],[100,-138.628]],"c":true},"ix":2},"nm":"Path 4","mn":"ADBE Vector Shape - Group","hd":false},{"ind":4,"ty":"sh","ix":5,"ks":{"a":0,"k":{"i":[[0.43,0],[0.539,1.296],[-1.716,0.717],[-8.798,3.032],[-0.605,-1.759],[1.756,-0.605],[8.426,-3.505]],"o":[[-1.319,0],[-0.713,-1.715],[8.551,-3.554],[1.765,-0.601],[0.605,1.759],[-8.666,2.988],[-0.421,0.174]],"v":[[-215.586,-123.912],[-218.697,-125.987],[-216.879,-130.389],[-190.731,-140.318],[-186.451,-138.233],[-188.536,-133.952],[-214.294,-124.168]],"c":true},"ix":2},"nm":"Path 5","mn":"ADBE Vector Shape - Group","hd":false},{"ind":5,"ty":"sh","ix":6,"ks":{"a":0,"k":{"i":[[1.22,0],[0.494,0.256],[8.374,3.682],[-0.75,1.704],[-1.706,-0.756],[-8.238,-4.251],[0.852,-1.651]],"o":[[-0.519,0],[-8.117,-4.185],[-1.703,-0.747],[0.743,-1.703],[8.499,3.735],[1.655,0.852],[-0.598,1.16]],"v":[[163.963,-108.306],[162.424,-108.68],[137.574,-120.535],[135.847,-124.971],[140.283,-126.697],[165.508,-114.664],[166.959,-110.13]],"c":true},"ix":2},"nm":"Path 6","mn":"ADBE Vector Shape - Group","hd":false},{"ind":6,"ty":"sh","ix":7,"ks":{"a":0,"k":{"i":[[0.609,0],[0.638,1.026],[-1.578,0.983],[-8.177,4.416],[-0.881,-1.63],[1.634,-0.884],[7.759,-4.829]],"o":[[-1.124,0],[-0.983,-1.578],[7.874,-4.901],[1.643,-0.891],[0.884,1.638],[-8.058,4.349],[-0.552,0.345]],"v":[[-280.312,-90.578],[-283.172,-92.166],[-282.093,-96.802],[-257.902,-110.847],[-253.34,-109.486],[-254.7,-104.922],[-278.536,-91.088]],"c":true},"ix":2},"nm":"Path 7","mn":"ADBE Vector Shape - Group","hd":false},{"ind":7,"ty":"sh","ix":8,"ks":{"a":0,"k":{"i":[[1.029,0],[0.605,0.447],[7.656,4.985],[-1.016,1.558],[-1.569,-1.016],[-7.45,-5.537],[1.108,-1.493]],"o":[[-0.698,0],[-7.338,-5.455],[-1.559,-1.012],[1.012,-1.556],[7.769,5.059],[1.493,1.108],[-0.661,0.888]],"v":[[225.708,-69.803],[223.701,-70.467],[201.106,-86.196],[200.122,-90.854],[204.781,-91.837],[227.719,-75.872],[228.412,-71.161]],"c":true},"ix":2},"nm":"Path 8","mn":"ADBE Vector Shape - Group","hd":false},{"ind":8,"ty":"sh","ix":9,"ks":{"a":0,"k":{"i":[[0.785,0],[0.665,0.759],[-1.4,1.222],[-7.338,5.665],[-1.135,-1.467],[1.47,-1.137],[6.901,-6.03]],"o":[[-0.938,0],[-1.222,-1.4],[7.007,-6.119],[1.483,-1.131],[1.134,1.473],[-7.233,5.579],[-0.638,0.559]],"v":[[-338.812,-47.223],[-341.348,-48.374],[-341.029,-53.124],[-319.413,-70.882],[-314.687,-70.273],[-315.296,-65.549],[-336.597,-48.055]],"c":true},"ix":2},"nm":"Path 9","mn":"ADBE Vector Shape - Group","hd":false},{"ind":9,"ty":"sh","ix":10,"ks":{"a":0,"k":{"i":[[0.844,0],[0.66,0.681],[6.776,6.178],[-1.253,1.374],[-1.371,-1.256],[-6.437,-6.638],[1.335,-1.295]],"o":[[-0.878,0],[-6.343,-6.539],[-1.374,-1.252],[1.252,-1.381],[6.878,6.273],[1.295,1.335],[-0.654,0.635]],"v":[[280.414,-21.832],[277.998,-22.855],[258.229,-42.019],[258.008,-46.776],[262.765,-46.996],[282.83,-27.543],[282.757,-22.783]],"c":true},"ix":2},"nm":"Path 10","mn":"ADBE Vector Shape - Group","hd":false},{"ind":10,"ty":"sh","ix":11,"ks":{"a":0,"k":{"i":[[0.97,0],[0.628,0.523],[-1.187,1.431],[-6.371,6.79],[-1.361,-1.272],[1.272,-1.355],[5.82,-7.01]],"o":[[-0.756,0],[-1.43,-1.186],[5.908,-7.114],[1.273,-1.357],[1.354,1.276],[-6.283,6.69],[-0.667,0.802]],"v":[[-389.644,4.88],[-391.791,4.104],[-392.231,-0.637],[-373.725,-21.593],[-368.964,-21.744],[-368.814,-16.983],[-387.05,3.664]],"c":true},"ix":2},"nm":"Path 11","mn":"ADBE Vector Shape - Group","hd":false},{"ind":11,"ty":"sh","ix":12,"ks":{"a":0,"k":{"i":[[0.668,0],[0.655,0.937],[5.701,7.164],[-1.453,1.157],[-1.158,-1.453],[-5.316,-7.595],[1.525,-1.068]],"o":[[-1.061,0],[-5.237,-7.479],[-1.157,-1.456],[1.46,-1.164],[5.786,7.276],[1.064,1.522],[-0.585,0.411]],"v":[[326.809,34.262],[324.047,32.825],[307.564,10.755],[308.099,6.024],[312.831,6.56],[329.565,28.966],[328.736,33.654]],"c":true},"ix":2},"nm":"Path 12","mn":"ADBE Vector Shape - Group","hd":false},{"ind":12,"ty":"sh","ix":13,"ks":{"a":0,"k":{"i":[[0.49,0],[0.579,1.203],[4.458,7.963],[-1.624,0.911],[-0.908,-1.621],[-4.03,-8.384],[1.674,-0.806]],"o":[[-1.256,0],[-3.972,-8.259],[-0.907,-1.621],[1.624,-0.901],[4.521,8.081],[0.806,1.677],[-0.47,0.227]],"v":[[363.576,97.09],[360.538,95.183],[347.837,70.736],[349.133,66.153],[353.716,67.448],[366.607,92.264],[365.033,96.758]],"c":true},"ix":2},"nm":"Path 13","mn":"ADBE Vector Shape - Group","hd":false},{"ind":13,"ty":"sh","ix":14,"ks":{"a":0,"k":{"i":[[0.312,0],[0.431,1.469],[3.109,8.6],[-1.749,0.634],[-0.632,-1.749],[-2.613,-8.91],[1.785,-0.523]],"o":[[-1.457,0],[-2.571,-8.775],[-0.632,-1.747],[1.742,-0.639],[3.159,8.726],[0.523,1.785],[-0.317,0.092]],"v":[[389.664,165.044],[386.432,162.624],[377.868,136.441],[379.889,132.131],[384.201,134.152],[392.896,160.73],[390.611,164.909]],"c":true},"ix":2},"nm":"Path 14","mn":"ADBE Vector Shape - Group","hd":false},{"ty":"mm","mm":1,"nm":"Merge Paths 1","mn":"ADBE Vector Filter - Merge","hd":false},{"ty":"fl","c":{"a":0,"k":[0.591472670611,0.717538631664,0.981041882085,1],"ix":4},"o":{"a":0,"k":100,"ix":5},"r":1,"bm":0,"nm":"Fill 1","mn":"ADBE Vector Graphic - Fill","hd":false},{"ty":"tr","p":{"a":0,"k":[487.88,165.294],"ix":2},"a":{"a":0,"k":[0,0],"ix":1},"s":{"a":0,"k":[100,100],"ix":3},"r":{"a":0,"k":0,"ix":6},"o":{"a":0,"k":100,"ix":7},"sk":{"a":0,"k":0,"ix":4},"sa":{"a":0,"k":0,"ix":5},"nm":"Transform"}],"nm":"Group 5","np":16,"cix":2,"bm":0,"ix":5,"mn":"ADBE Vector Group","hd":false},{"ty":"gr","it":[{"ind":0,"ty":"sh","ix":1,"ks":{"a":0,"k":{"i":[[1.118,0],[0.559,0.353],[-0.993,1.572],[-2.525,3.758],[-1.542,-1.042],[1.036,-1.542],[2.37,-3.762]],"o":[[-0.615,0],[-1.571,-0.989],[2.404,-3.813],[1.035,-1.542],[1.545,1.039],[-2.492,3.706],[-0.639,1.015]],"v":[[-3.669,9.241],[-5.461,8.722],[-6.513,4.08],[0.881,-7.282],[5.553,-8.199],[6.47,-3.528],[-0.818,7.671]],"c":true},"ix":2},"nm":"Path 1","mn":"ADBE Vector Shape - Group","hd":false},{"ty":"fl","c":{"a":0,"k":[0.591472670611,0.717538631664,0.981041882085,1],"ix":4},"o":{"a":0,"k":100,"ix":5},"r":1,"bm":0,"nm":"Fill 1","mn":"ADBE Vector Graphic - Fill","hd":false},{"ty":"tr","p":{"a":0,"k":[67.549,208.315],"ix":2},"a":{"a":0,"k":[0,0],"ix":1},"s":{"a":0,"k":[100,100],"ix":3},"r":{"a":0,"k":0,"ix":6},"o":{"a":0,"k":100,"ix":7},"sk":{"a":0,"k":0,"ix":4},"sa":{"a":0,"k":0,"ix":5},"nm":"Transform"}],"nm":"Group 6","np":2,"cix":2,"bm":0,"ix":6,"mn":"ADBE Vector Group","hd":false},{"ty":"gr","it":[{"ind":0,"ty":"sh","ix":1,"ks":{"a":0,"k":{"i":[[0.256,0],[0.364,1.552],[0.901,4.425],[-1.821,0.369],[-0.368,-1.828],[-1.019,-4.34],[1.809,-0.424]],"o":[[-1.529,0],[-1.033,-4.406],[-0.371,-1.822],[1.819,-0.368],[0.888,4.36],[0.424,1.812],[-0.259,0.06]],"v":[[1.422,10.09],[-1.852,7.493],[-4.756,-5.753],[-2.129,-9.722],[1.839,-7.095],[4.703,5.954],[2.194,10.001]],"c":true},"ix":2},"nm":"Path 1","mn":"ADBE Vector Shape - Group","hd":false},{"ty":"fl","c":{"a":0,"k":[0.591472670611,0.717538631664,0.981041882085,1],"ix":4},"o":{"a":0,"k":100,"ix":5},"r":1,"bm":0,"nm":"Fill 1","mn":"ADBE Vector Graphic - Fill","hd":false},{"ty":"tr","p":{"a":0,"k":[5.377,550.784],"ix":2},"a":{"a":0,"k":[0,0],"ix":1},"s":{"a":0,"k":[100,100],"ix":3},"r":{"a":0,"k":0,"ix":6},"o":{"a":0,"k":100,"ix":7},"sk":{"a":0,"k":0,"ix":4},"sa":{"a":0,"k":0,"ix":5},"nm":"Transform"}],"nm":"Group 7","np":2,"cix":2,"bm":0,"ix":7,"mn":"ADBE Vector Group","hd":false},{"ty":"gr","it":[{"ind":0,"ty":"sh","ix":1,"ks":{"a":0,"k":{"i":[[0.424,0],[0.533,1.309],[2.824,8.337],[-1.762,0.595],[-0.598,-1.762],[-3.285,-8.085],[1.722,-0.7]],"o":[[-1.329,0],[-3.331,-8.203],[-0.595,-1.759],[1.746,-0.595],[2.782,8.209],[0.7,1.722],[-0.414,0.168]],"v":[[-389.817,-124.474],[-392.937,-126.574],[-402.212,-151.501],[-400.101,-155.77],[-395.834,-153.658],[-386.697,-129.105],[-388.551,-124.72]],"c":true},"ix":2},"nm":"Path 1","mn":"ADBE Vector Shape - Group","hd":false},{"ind":1,"ty":"sh","ix":2,"ks":{"a":0,"k":{"i":[[0.589,0],[0.631,1.052],[4.074,7.795],[-1.65,0.862],[-0.862,-1.65],[-4.494,-7.487],[1.594,-0.957]],"o":[[-1.144,0],[-4.563,-7.598],[-0.858,-1.647],[1.644,-0.857],[4.011,7.677],[0.957,1.595],[-0.543,0.326]],"v":[[-358.867,-62.533],[-361.757,-64.167],[-374.773,-87.365],[-373.346,-91.909],[-368.802,-90.482],[-355.984,-67.633],[-357.137,-63.013]],"c":true},"ix":2},"nm":"Path 2","mn":"ADBE Vector Shape - Group","hd":false},{"ind":2,"ty":"sh","ix":3,"ks":{"a":0,"k":{"i":[[1.003,0],[0.615,0.48],[-1.141,1.467],[-4.912,7.137],[-1.526,-1.052],[1.053,-1.528],[5.444,-6.989]],"o":[[-0.724,0],[-1.466,-1.141],[5.362,-6.888],[1.059,-1.532],[1.531,1.055],[-4.988,7.25],[-0.664,0.851]],"v":[[383.376,-17.693],[381.311,-18.403],[380.723,-23.127],[396.205,-44.263],[400.887,-45.132],[401.754,-40.45],[386.036,-18.991]],"c":true},"ix":2},"nm":"Path 3","mn":"ADBE Vector Shape - Group","hd":false},{"ind":3,"ty":"sh","ix":4,"ks":{"a":0,"k":{"i":[[0.76,0],[0.667,0.799],[5.254,7.108],[-1.493,1.108],[-1.105,-1.49],[-5.559,-6.674],[1.431,-1.19]],"o":[[-0.966,0],[-5.642,-6.773],[-1.105,-1.496],[1.506,-1.105],[5.175,7.006],[1.19,1.427],[-0.628,0.523]],"v":[[-318.754,-6.094],[-321.344,-7.306],[-337.763,-28.227],[-337.056,-32.938],[-332.345,-32.23],[-316.17,-11.614],[-316.604,-6.873]],"c":true},"ix":2},"nm":"Path 4","mn":"ADBE Vector Shape - Group","hd":false},{"ind":4,"ty":"sh","ix":5,"ks":{"a":0,"k":{"i":[[0.829,0],[0.664,0.7],[-1.352,1.276],[-5.961,6.316],[-1.352,-1.269],[1.277,-1.351],[6.427,-6.066]],"o":[[-0.893,0],[-1.275,-1.355],[6.335,-5.977],[1.279,-1.348],[1.351,1.279],[-6.052,6.407],[-0.652,0.611]],"v":[[336.779,33.507],[334.33,32.451],[334.469,27.69],[353.001,9.167],[357.762,9.03],[357.899,13.791],[339.091,32.59]],"c":true},"ix":2},"nm":"Path 5","mn":"ADBE Vector Shape - Group","hd":false},{"ind":5,"ty":"sh","ix":6,"ks":{"a":0,"k":{"i":[[0.931,0],[0.641,0.565],[6.276,6.244],[-1.312,1.318],[-1.318,-1.313],[-6.493,-5.747],[1.233,-1.394]],"o":[[-0.795,0],[-6.589,-5.833],[-1.318,-1.312],[1.312,-1.315],[6.185,6.147],[1.391,1.233],[-0.668,0.75]],"v":[[-270.543,43.613],[-272.775,42.769],[-292.166,24.571],[-292.179,19.811],[-287.419,19.797],[-268.311,37.724],[-268.021,42.479]],"c":true},"ix":2},"nm":"Path 6","mn":"ADBE Vector Shape - Group","hd":false},{"ind":6,"ty":"sh","ix":7,"ks":{"a":0,"k":{"i":[[0.657,0],[0.655,0.947],[-1.529,1.056],[-6.862,5.352],[-1.144,-1.467],[1.466,-1.144],[7.269,-5.017]],"o":[[-1.069,0],[-1.054,-1.532],[7.164,-4.941],[1.465,-1.141],[1.141,1.466],[-6.967,5.427],[-0.586,0.401]],"v":[[282.921,77.082],[280.145,75.628],[281.004,70.944],[302.141,55.432],[306.868,56.018],[306.283,60.745],[284.831,76.487]],"c":true},"ix":2},"nm":"Path 7","mn":"ADBE Vector Shape - Group","hd":false},{"ind":7,"ty":"sh","ix":8,"ks":{"a":0,"k":{"i":[[1.108,0],[0.562,0.361],[7.13,5.188],[-1.095,1.506],[-1.502,-1.091],[-7.325,-4.698],[1.003,-1.565]],"o":[[-0.621,0],[-7.433,-4.767],[-1.503,-1.094],[1.098,-1.503],[7.019,5.112],[1.565,1.002],[-0.644,1.003]],"v":[[-215.349,85.356],[-217.164,84.824],[-239.112,69.819],[-239.852,65.115],[-235.148,64.375],[-213.528,79.156],[-212.512,83.809]],"c":true},"ix":2},"nm":"Path 8","mn":"ADBE Vector Shape - Group","hd":false},{"ind":8,"ty":"sh","ix":9,"ks":{"a":0,"k":{"i":[[0.49,0],[0.582,1.206],[-1.677,0.809],[-7.607,4.238],[-0.907,-1.624],[1.624,-0.904],[7.953,-3.83]],"o":[[-1.253,0],[-0.806,-1.674],[7.831,-3.771],[1.634,-0.901],[0.905,1.624],[-7.723,4.3],[-0.47,0.227]],"v":[[223.052,111.882],[220.014,109.976],[221.589,105.48],[244.855,93.411],[249.435,94.717],[248.13,99.296],[224.508,111.55]],"c":true},"ix":2},"nm":"Path 9","mn":"ADBE Vector Shape - Group","hd":false},{"ind":9,"ty":"sh","ix":10,"ks":{"a":0,"k":{"i":[[1.295,0],[0.441,0.194],[7.835,4.021],[-0.849,1.654],[-1.66,-0.849],[-7.973,-3.515],[0.749,-1.7]],"o":[[-0.454,0],[-8.094,-3.567],[-1.654,-0.848],[0.851,-1.647],[7.716,3.961],[1.703,0.749],[-0.556,1.259]],"v":[[-154.369,118.093],[-155.724,117.806],[-179.727,106.368],[-181.183,101.834],[-176.65,100.378],[-153.008,111.646],[-151.285,116.083]],"c":true},"ix":2},"nm":"Path 10","mn":"ADBE Vector Shape - Group","hd":false},{"ind":10,"ty":"sh","ix":11,"ks":{"a":0,"k":{"i":[[0.322,0],[0.441,1.454],[-1.779,0.539],[-8.146,3.001],[-0.643,-1.746],[1.746,-0.645],[8.465,-2.565]],"o":[[-1.446,0],[-0.54,-1.778],[8.34,-2.529],[1.739,-0.641],[0.642,1.746],[-8.268,3.047],[-0.327,0.098]],"v":[[158.534,137.023],[155.312,134.633],[157.558,130.435],[182.402,122.101],[186.725,124.095],[184.73,128.419],[159.511,136.878]],"c":true},"ix":2},"nm":"Path 11","mn":"ADBE Vector Shape - Group","hd":false},{"ind":11,"ty":"sh","ix":12,"ks":{"a":0,"k":{"i":[[1.485,0],[0.289,0.079],[8.377,2.771],[-0.585,1.766],[-1.778,-0.579],[-8.403,-2.246],[0.48,-1.795]],"o":[[-0.289,0],[-8.532,-2.279],[-1.766,-0.582],[0.582,-1.762],[8.252,2.728],[1.799,0.48],[-0.401,1.506]],"v":[[-89.049,141.051],[-89.92,140.936],[-115.4,133.324],[-117.537,129.07],[-113.283,126.934],[-88.185,134.432],[-85.801,138.552]],"c":true},"ix":2},"nm":"Path 12","mn":"ADBE Vector Shape - Group","hd":false},{"ind":12,"ty":"sh","ix":13,"ks":{"a":0,"k":{"i":[[0.154,0],[0.237,1.679],[-1.842,0.259],[-8.522,1.716],[-0.368,-1.821],[1.822,-0.368],[8.746,-1.233]],"o":[[-1.654,0],[-0.26,-1.842],[8.616,-1.213],[1.805,-0.366],[0.364,1.822],[-8.65,1.743],[-0.161,0.023]],"v":[[90.913,151.932],[87.582,149.036],[90.446,145.232],[116.274,140.817],[120.239,143.453],[117.602,147.418],[91.386,151.899]],"c":true},"ix":2},"nm":"Path 13","mn":"ADBE Vector Shape - Group","hd":false},{"ind":13,"ty":"sh","ix":14,"ks":{"a":0,"k":{"i":[[1.696,0],[0.122,0.014],[8.686,1.456],[-0.306,1.831],[-1.824,-0.318],[-8.663,-0.937],[0.201,-1.848]],"o":[[-0.122,0],[-8.794,-0.953],[-1.834,-0.31],[0.306,-1.835],[8.562,1.437],[1.848,0.2],[-0.187,1.726]],"v":[[-20.99,153.738],[-21.356,153.718],[-47.7,150.088],[-50.465,146.212],[-46.589,143.447],[-20.632,147.024],[-17.647,150.732]],"c":true},"ix":2},"nm":"Path 14","mn":"ADBE Vector Shape - Group","hd":false},{"ind":14,"ty":"sh","ix":15,"ks":{"a":0,"k":{"i":[[6.848,0],[1.989,0.027],[-0.022,1.861],[-1.838,0],[0,0],[-8.693,0.394],[-0.082,-1.86],[1.858,-0.085]],"o":[[-1.989,0],[-1.857,-0.026],[0.027,-1.841],[0,0],[8.709,0.119],[1.732,-0.119],[0.085,1.858],[-6.839,0.309]],"v":[[27.733,156.365],[21.769,156.324],[18.448,152.912],[21.815,149.592],[21.861,149.592],[48.058,149.171],[51.572,152.383],[48.36,155.897]],"c":true},"ix":2},"nm":"Path 15","mn":"ADBE Vector Shape - Group","hd":false},{"ty":"mm","mm":1,"nm":"Merge Paths 1","mn":"ADBE Vector Filter - Merge","hd":false},{"ty":"fl","c":{"a":0,"k":[0.591472670611,0.717538631664,0.981041882085,1],"ix":4},"o":{"a":0,"k":100,"ix":5},"r":1,"bm":0,"nm":"Fill 1","mn":"ADBE Vector Graphic - Fill","hd":false},{"ty":"tr","p":{"a":0,"k":[417.68,751.499],"ix":2},"a":{"a":0,"k":[0,0],"ix":1},"s":{"a":0,"k":[100,100],"ix":3},"r":{"a":0,"k":0,"ix":6},"o":{"a":0,"k":100,"ix":7},"sk":{"a":0,"k":0,"ix":4},"sa":{"a":0,"k":0,"ix":5},"nm":"Transform"}],"nm":"Group 8","np":17,"cix":2,"bm":0,"ix":8,"mn":"ADBE Vector Group","hd":false},{"ty":"gr","it":[{"ind":0,"ty":"sh","ix":1,"ks":{"a":0,"k":{"i":[[1.184,0],[0.517,0.289],[-0.904,1.624],[-2.039,3.952],[-1.66,-0.848],[0.851,-1.653],[2.2,-3.959]],"o":[[-0.552,0],[-1.627,-0.904],[2.167,-3.899],[0.852,-1.65],[1.651,0.852],[-2.072,4.012],[-0.615,1.107]],"v":[[-3.179,9.536],[-4.811,9.112],[-6.119,4.536],[0.188,-7.241],[4.723,-8.688],[6.171,-4.151],[-0.234,7.804]],"c":true},"ix":2},"nm":"Path 1","mn":"ADBE Vector Shape - Group","hd":false},{"ty":"fl","c":{"a":0,"k":[0.591472670611,0.717538631664,0.981041882085,1],"ix":4},"o":{"a":0,"k":100,"ix":5},"r":1,"bm":0,"nm":"Fill 1","mn":"ADBE Vector Graphic - Fill","hd":false},{"ty":"tr","p":{"a":0,"k":[842.422,666.525],"ix":2},"a":{"a":0,"k":[0,0],"ix":1},"s":{"a":0,"k":[100,100],"ix":3},"r":{"a":0,"k":0,"ix":6},"o":{"a":0,"k":100,"ix":7},"sk":{"a":0,"k":0,"ix":4},"sa":{"a":0,"k":0,"ix":5},"nm":"Transform"}],"nm":"Group 9","np":2,"cix":2,"bm":0,"ix":9,"mn":"ADBE Vector Group","hd":false}],"ip":0,"op":180,"st":0,"bm":0},{"ddd":0,"ind":19,"ty":4,"nm":"Lock","sr":1,"ks":{"o":{"a":0,"k":100,"ix":11},"r":{"a":0,"k":0,"ix":10},"p":{"a":0,"k":[1896.529,2431.411,0],"ix":2,"l":2},"a":{"a":0,"k":[86.599,112.545,0],"ix":1,"l":2},"s":{"a":0,"k":[100,100,100],"ix":6,"l":2}},"ao":0,"shapes":[{"ty":"gr","it":[{"ind":0,"ty":"sh","ix":1,"ks":{"a":0,"k":{"i":[[0,0],[3.757,0],[0,0],[-0.878,3.654],[0,0],[-0.536,10.15],[-13.139,0.816],[0,-15.022],[7.652,-4.574]],"o":[[0.878,3.653],[0,0],[-3.758,0],[0,0],[-8.028,-4.799],[0.694,-13.148],[15.227,-0.946],[0,9.563],[0,0]],"v":[[20.222,34.92],[14.573,42.088],[-14.573,42.088],[-20.222,34.919],[-13.422,6.61],[-26.161,-17.308],[-1.673,-42.035],[26.198,-15.89],[13.421,6.61]],"c":true},"ix":2},"nm":"Path 1","mn":"ADBE Vector Shape - Group","hd":false},{"ind":1,"ty":"sh","ix":2,"ks":{"a":0,"k":{"i":[[8.661,0],[0,0],[0,-8.66],[0,0],[-8.661,0],[0,0],[0,8.661],[0,0]],"o":[[0,0],[-8.661,0],[0,0],[0,8.661],[0,0],[8.661,0],[0,0],[0,-8.66]],"v":[[70.667,-69.917],[-70.667,-69.917],[-86.349,-54.234],[-86.349,54.234],[-70.667,69.917],[70.667,69.917],[86.349,54.234],[86.349,-54.234]],"c":true},"ix":2},"nm":"Path 2","mn":"ADBE Vector Shape - Group","hd":false},{"ty":"mm","mm":1,"nm":"Merge Paths 1","mn":"ADBE Vector Filter - Merge","hd":false},{"ty":"fl","c":{"a":0,"k":[1,1,1,1],"ix":4},"o":{"a":0,"k":100,"ix":5},"r":1,"bm":0,"nm":"Fill 1","mn":"ADBE Vector Graphic - Fill","hd":false},{"ty":"tr","p":{"a":0,"k":[86.599,154.925],"ix":2},"a":{"a":0,"k":[0,0],"ix":1},"s":{"a":0,"k":[100,100],"ix":3},"r":{"a":0,"k":0,"ix":6},"o":{"a":0,"k":100,"ix":7},"sk":{"a":0,"k":0,"ix":4},"sa":{"a":0,"k":0,"ix":5},"nm":"Transform"}],"nm":"Group 1","np":4,"cix":2,"bm":0,"ix":1,"mn":"ADBE Vector Group","hd":false},{"ty":"gr","it":[{"ind":0,"ty":"sh","ix":1,"ks":{"a":0,"k":{"i":[[4.151,0],[0,0],[0,4.152],[0,0],[10.23,0],[0,0],[0,-10.229],[0,0],[4.152,0],[0,0],[0,4.152],[0,0],[-23.151,0],[0,0],[0,-23.151],[0,0]],"o":[[0,0],[-4.152,0],[0,0],[0,-10.229],[0,0],[-10.23,0],[0,0],[0,4.152],[0,0],[-4.151,0],[0,0],[0,-23.151],[0,0],[23.151,0],[0,0],[0,4.152]],"v":[[60.304,39.006],[51.943,39.006],[44.425,31.49],[44.425,2.911],[25.903,-15.61],[-25.904,-15.61],[-44.426,2.911],[-44.426,31.49],[-51.944,39.006],[-60.305,39.006],[-67.822,31.49],[-67.822,2.911],[-25.904,-39.006],[25.903,-39.006],[67.822,2.911],[67.822,31.49]],"c":true},"ix":2},"nm":"Path 1","mn":"ADBE Vector Shape - Group","hd":false},{"ty":"fl","c":{"a":0,"k":[1,1,1,1],"ix":4},"o":{"a":0,"k":100,"ix":5},"r":1,"bm":0,"nm":"Fill 1","mn":"ADBE Vector Graphic - Fill","hd":false},{"ty":"tr","p":{"a":0,"k":[86.6,39.257],"ix":2},"a":{"a":0,"k":[0,0],"ix":1},"s":{"a":0,"k":[100,100],"ix":3},"r":{"a":0,"k":0,"ix":6},"o":{"a":0,"k":100,"ix":7},"sk":{"a":0,"k":0,"ix":4},"sa":{"a":0,"k":0,"ix":5},"nm":"Transform"}],"nm":"Group 2","np":2,"cix":2,"bm":0,"ix":2,"mn":"ADBE Vector Group","hd":false}],"ip":0,"op":180,"st":0,"bm":0},{"ddd":0,"ind":20,"ty":4,"nm":"loading Line 3","sr":1,"ks":{"o":{"a":0,"k":100,"ix":11},"r":{"a":0,"k":0,"ix":10},"p":{"a":0,"k":[1667.146,2764.849,0],"ix":2,"l":2},"a":{"a":0,"k":[-0.004,24.662,0],"ix":1,"l":2},"s":{"a":1,"k":[{"i":{"x":[0.667,0.667,0.667],"y":[1,1,1]},"o":{"x":[0.333,0.333,0.333],"y":[0,0,0]},"t":-60,"s":[100,100,100]},{"i":{"x":[0.667,0.667,0.667],"y":[1,1,1]},"o":{"x":[0.333,0.333,0.333],"y":[0,0,0]},"t":-15,"s":[0,100,100]},{"i":{"x":[0.667,0.667,0.667],"y":[1,1,1]},"o":{"x":[0.333,0.333,0.333],"y":[0,0,0]},"t":30,"s":[100,100,100]},{"i":{"x":[0.667,0.667,0.667],"y":[1,1,1]},"o":{"x":[0.333,0.333,0.333],"y":[0,0,0]},"t":75,"s":[0,100,100]},{"t":120,"s":[100,100,100]}],"ix":6,"l":2}},"ao":0,"shapes":[{"ty":"gr","it":[{"ind":0,"ty":"sh","ix":1,"ks":{"a":0,"k":{"i":[[2.946,0],[0,0],[0,2.946],[0,0],[-2.946,0],[0,0],[0,-2.946],[0,0]],"o":[[0,0],[-2.946,0],[0,0],[0,-2.946],[0,0],[2.946,0],[0,0],[0,2.946]],"v":[[157.29,24.661],[-157.295,24.661],[-162.628,19.327],[-162.628,-19.328],[-157.295,-24.661],[157.29,-24.661],[162.624,-19.328],[162.624,19.327]],"c":true},"ix":2},"nm":"Path 1","mn":"ADBE Vector Shape - Group","hd":false},{"ty":"fl","c":{"a":0,"k":[1,1,1,1],"ix":4},"o":{"a":0,"k":100,"ix":5},"r":1,"bm":0,"nm":"Fill 1","mn":"ADBE Vector Graphic - Fill","hd":false},{"ty":"tr","p":{"a":0,"k":[162.624,24.662],"ix":2},"a":{"a":0,"k":[0,0],"ix":1},"s":{"a":0,"k":[100,100],"ix":3},"r":{"a":0,"k":0,"ix":6},"o":{"a":0,"k":100,"ix":7},"sk":{"a":0,"k":0,"ix":4},"sa":{"a":0,"k":0,"ix":5},"nm":"Transform"}],"nm":"Group 1","np":2,"cix":2,"bm":0,"ix":1,"mn":"ADBE Vector Group","hd":false}],"ip":0,"op":180,"st":0,"bm":0},{"ddd":0,"ind":21,"ty":4,"nm":"loading Line 2","sr":1,"ks":{"o":{"a":0,"k":100,"ix":11},"r":{"a":0,"k":0,"ix":10},"p":{"a":0,"k":[1667.146,2684.435,0],"ix":2,"l":2},"a":{"a":0,"k":[-0.004,24.665,0],"ix":1,"l":2},"s":{"a":1,"k":[{"i":{"x":[0.667,0.667,0.667],"y":[1,1,1]},"o":{"x":[0.333,0.333,0.333],"y":[0,0,0]},"t":-75,"s":[100,100,100]},{"i":{"x":[0.667,0.667,0.667],"y":[1,1,1]},"o":{"x":[0.333,0.333,0.333],"y":[0,0,0]},"t":-30,"s":[0,100,100]},{"i":{"x":[0.667,0.667,0.667],"y":[1,1,1]},"o":{"x":[0.333,0.333,0.333],"y":[0,0,0]},"t":15,"s":[100,100,100]},{"i":{"x":[0.667,0.667,0.667],"y":[1,1,1]},"o":{"x":[0.333,0.333,0.333],"y":[0,0,0]},"t":60,"s":[0,100,100]},{"t":105,"s":[100,100,100]}],"ix":6,"l":2}},"ao":0,"shapes":[{"ty":"gr","it":[{"ind":0,"ty":"sh","ix":1,"ks":{"a":0,"k":{"i":[[2.946,0],[0,0],[0,2.945],[0,0],[-2.945,0],[0,0],[0,-2.946],[0,0]],"o":[[0,0],[-2.945,0],[0,0],[0,-2.946],[0,0],[2.946,0],[0,0],[0,2.945]],"v":[[269.114,24.661],[-269.12,24.661],[-274.453,19.328],[-274.453,-19.328],[-269.12,-24.661],[269.114,-24.661],[274.448,-19.328],[274.448,19.328]],"c":true},"ix":2},"nm":"Path 1","mn":"ADBE Vector Shape - Group","hd":false},{"ty":"fl","c":{"a":0,"k":[1,1,1,1],"ix":4},"o":{"a":0,"k":100,"ix":5},"r":1,"bm":0,"nm":"Fill 1","mn":"ADBE Vector Graphic - Fill","hd":false},{"ty":"tr","p":{"a":0,"k":[274.448,24.665],"ix":2},"a":{"a":0,"k":[0,0],"ix":1},"s":{"a":0,"k":[100,100],"ix":3},"r":{"a":0,"k":0,"ix":6},"o":{"a":0,"k":100,"ix":7},"sk":{"a":0,"k":0,"ix":4},"sa":{"a":0,"k":0,"ix":5},"nm":"Transform"}],"nm":"Group 1","np":2,"cix":2,"bm":0,"ix":1,"mn":"ADBE Vector Group","hd":false}],"ip":0,"op":180,"st":0,"bm":0},{"ddd":0,"ind":22,"ty":4,"nm":"loading Line 1","sr":1,"ks":{"o":{"a":0,"k":100,"ix":11},"r":{"a":0,"k":0,"ix":10},"p":{"a":0,"k":[1665.449,2605.613,0],"ix":2,"l":2},"a":{"a":0,"k":[-0.001,24.663,0],"ix":1,"l":2},"s":{"a":1,"k":[{"i":{"x":[0.667,0.667,0.667],"y":[1,1,1]},"o":{"x":[0.333,0.333,0.333],"y":[0,0,0]},"t":-90,"s":[100,100,100]},{"i":{"x":[0.667,0.667,0.667],"y":[1,1,1]},"o":{"x":[0.333,0.333,0.333],"y":[0,0,0]},"t":-45,"s":[0,100,100]},{"i":{"x":[0.667,0.667,0.667],"y":[1,1,1]},"o":{"x":[0.333,0.333,0.333],"y":[0,0,0]},"t":0,"s":[100,100,100]},{"i":{"x":[0.667,0.667,0.667],"y":[1,1,1]},"o":{"x":[0.333,0.333,0.333],"y":[0,0,0]},"t":45,"s":[0,100,100]},{"t":90,"s":[100,100,100]}],"ix":6,"l":2}},"ao":0,"shapes":[{"ty":"gr","it":[{"ind":0,"ty":"sh","ix":1,"ks":{"a":0,"k":{"i":[[2.945,0],[0,0],[0,2.945],[0,0],[-2.946,0],[0,0],[0,-2.946],[0,0]],"o":[[0,0],[-2.946,0],[0,0],[0,-2.946],[0,0],[2.945,0],[0,0],[0,2.945]],"v":[[269.117,24.663],[-269.117,24.663],[-274.451,19.33],[-274.451,-19.326],[-269.117,-24.659],[269.117,-24.659],[274.45,-19.326],[274.45,19.33]],"c":true},"ix":2},"nm":"Path 1","mn":"ADBE Vector Shape - Group","hd":false},{"ty":"fl","c":{"a":0,"k":[1,1,1,1],"ix":4},"o":{"a":0,"k":100,"ix":5},"r":1,"bm":0,"nm":"Fill 1","mn":"ADBE Vector Graphic - Fill","hd":false},{"ty":"tr","p":{"a":0,"k":[274.45,24.661],"ix":2},"a":{"a":0,"k":[0,0],"ix":1},"s":{"a":0,"k":[100,100],"ix":3},"r":{"a":0,"k":0,"ix":6},"o":{"a":0,"k":100,"ix":7},"sk":{"a":0,"k":0,"ix":4},"sa":{"a":0,"k":0,"ix":5},"nm":"Transform"}],"nm":"Group 1","np":2,"cix":2,"bm":0,"ix":1,"mn":"ADBE Vector Group","hd":false}],"ip":0,"op":180,"st":0,"bm":0},{"ddd":0,"ind":23,"ty":4,"nm":"Doc Line 4","sr":1,"ks":{"o":{"a":0,"k":100,"ix":11},"r":{"a":0,"k":0,"ix":10},"p":{"a":0,"k":[1022.39,2843.612,0],"ix":2,"l":2},"a":{"a":0,"k":[0,24.661,0],"ix":1,"l":2},"s":{"a":0,"k":[100,100,100],"ix":6,"l":2}},"ao":0,"shapes":[{"ty":"gr","it":[{"ind":0,"ty":"sh","ix":1,"ks":{"a":0,"k":{"i":[[2.945,0],[0,0],[0,2.945],[0,0],[-2.945,0],[0,0],[0,-2.946],[0,0]],"o":[[0,0],[-2.945,0],[0,0],[0,-2.946],[0,0],[2.945,0],[0,0],[0,2.945]],"v":[[185.561,24.661],[-185.562,24.661],[-190.895,19.328],[-190.895,-19.328],[-185.562,-24.661],[185.561,-24.661],[190.894,-19.328],[190.894,19.328]],"c":true},"ix":2},"nm":"Path 1","mn":"ADBE Vector Shape - Group","hd":false},{"ty":"fl","c":{"a":0,"k":[1,1,1,1],"ix":4},"o":{"a":0,"k":100,"ix":5},"r":1,"bm":0,"nm":"Fill 1","mn":"ADBE Vector Graphic - Fill","hd":false},{"ty":"tr","p":{"a":0,"k":[190.894,24.661],"ix":2},"a":{"a":0,"k":[0,0],"ix":1},"s":{"a":0,"k":[100,100],"ix":3},"r":{"a":0,"k":0,"ix":6},"o":{"a":0,"k":100,"ix":7},"sk":{"a":0,"k":0,"ix":4},"sa":{"a":0,"k":0,"ix":5},"nm":"Transform"}],"nm":"Group 1","np":2,"cix":2,"bm":0,"ix":1,"mn":"ADBE Vector Group","hd":false}],"ip":0,"op":180,"st":0,"bm":0},{"ddd":0,"ind":24,"ty":4,"nm":"Doc Line 3","sr":1,"ks":{"o":{"a":0,"k":100,"ix":11},"r":{"a":0,"k":0,"ix":10},"p":{"a":0,"k":[1021.638,2764.849,0],"ix":2,"l":2},"a":{"a":0,"k":[-0.002,24.662,0],"ix":1,"l":2},"s":{"a":0,"k":[100,100,100],"ix":6,"l":2}},"ao":0,"shapes":[{"ty":"gr","it":[{"ind":0,"ty":"sh","ix":1,"ks":{"a":0,"k":{"i":[[2.945,0],[0,0],[0,2.946],[0,0],[-2.945,0],[0,0],[0,-2.946],[0,0]],"o":[[0,0],[-2.945,0],[0,0],[0,-2.946],[0,0],[2.945,0],[0,0],[0,2.946]],"v":[[185.561,24.661],[-185.562,24.661],[-190.896,19.327],[-190.896,-19.328],[-185.562,-24.661],[185.561,-24.661],[190.894,-19.328],[190.894,19.327]],"c":true},"ix":2},"nm":"Path 1","mn":"ADBE Vector Shape - Group","hd":false},{"ty":"fl","c":{"a":0,"k":[1,1,1,1],"ix":4},"o":{"a":0,"k":100,"ix":5},"r":1,"bm":0,"nm":"Fill 1","mn":"ADBE Vector Graphic - Fill","hd":false},{"ty":"tr","p":{"a":0,"k":[190.894,24.662],"ix":2},"a":{"a":0,"k":[0,0],"ix":1},"s":{"a":0,"k":[100,100],"ix":3},"r":{"a":0,"k":0,"ix":6},"o":{"a":0,"k":100,"ix":7},"sk":{"a":0,"k":0,"ix":4},"sa":{"a":0,"k":0,"ix":5},"nm":"Transform"}],"nm":"Group 1","np":2,"cix":2,"bm":0,"ix":1,"mn":"ADBE Vector Group","hd":false}],"ip":0,"op":180,"st":0,"bm":0},{"ddd":0,"ind":25,"ty":4,"nm":"Doc Line 2","sr":1,"ks":{"o":{"a":0,"k":100,"ix":11},"r":{"a":0,"k":0,"ix":10},"p":{"a":0,"k":[1019.402,2684.435,0],"ix":2,"l":2},"a":{"a":0,"k":[0.002,24.665,0],"ix":1,"l":2},"s":{"a":0,"k":[100,100,100],"ix":6,"l":2}},"ao":0,"shapes":[{"ty":"gr","it":[{"ind":0,"ty":"sh","ix":1,"ks":{"a":0,"k":{"i":[[2.946,0],[0,0],[0,2.945],[0,0],[-2.945,0],[0,0],[0,-2.946],[0,0]],"o":[[0,0],[-2.945,0],[0,0],[0,-2.946],[0,0],[2.946,0],[0,0],[0,2.945]],"v":[[185.562,24.661],[-185.561,24.661],[-190.894,19.328],[-190.894,-19.328],[-185.561,-24.661],[185.562,-24.661],[190.895,-19.328],[190.895,19.328]],"c":true},"ix":2},"nm":"Path 1","mn":"ADBE Vector Shape - Group","hd":false},{"ty":"fl","c":{"a":0,"k":[1,1,1,1],"ix":4},"o":{"a":0,"k":100,"ix":5},"r":1,"bm":0,"nm":"Fill 1","mn":"ADBE Vector Graphic - Fill","hd":false},{"ty":"tr","p":{"a":0,"k":[190.896,24.665],"ix":2},"a":{"a":0,"k":[0,0],"ix":1},"s":{"a":0,"k":[100,100],"ix":3},"r":{"a":0,"k":0,"ix":6},"o":{"a":0,"k":100,"ix":7},"sk":{"a":0,"k":0,"ix":4},"sa":{"a":0,"k":0,"ix":5},"nm":"Transform"}],"nm":"Group 1","np":2,"cix":2,"bm":0,"ix":1,"mn":"ADBE Vector Group","hd":false}],"ip":0,"op":180,"st":0,"bm":0},{"ddd":0,"ind":26,"ty":4,"nm":"Doc Line 1","sr":1,"ks":{"o":{"a":0,"k":100,"ix":11},"r":{"a":0,"k":0,"ix":10},"p":{"a":0,"k":[1018.651,2605.671,0],"ix":2,"l":2},"a":{"a":0,"k":[0.001,24.661,0],"ix":1,"l":2},"s":{"a":0,"k":[100,100,100],"ix":6,"l":2}},"ao":0,"shapes":[{"ind":0,"ty":"sh","ix":1,"ks":{"a":0,"k":{"i":[[2.946,0],[0,0],[0,2.945],[0,0],[-2.945,0],[0,0],[0,-2.946],[0,0]],"o":[[0,0],[-2.945,0],[0,0],[0,-2.946],[0,0],[2.946,0],[0,0],[0,2.945]],"v":[[376.457,49.322],[5.334,49.322],[0.001,43.989],[0.001,5.333],[5.334,0],[376.457,0],[381.79,5.333],[381.79,43.989]],"c":true},"ix":2},"nm":"Path 1","mn":"ADBE Vector Shape - Group","hd":false},{"ty":"fl","c":{"a":0,"k":[1,1,1,1],"ix":4},"o":{"a":0,"k":100,"ix":5},"r":1,"bm":0,"nm":"Fill 1","mn":"ADBE Vector Graphic - Fill","hd":false}],"ip":0,"op":180,"st":0,"bm":0},{"ddd":0,"ind":27,"ty":4,"nm":"Document Bg","sr":1,"ks":{"o":{"a":0,"k":100,"ix":11},"r":{"a":0,"k":0,"ix":10},"p":{"a":0,"k":[1226.408,2697.161,0],"ix":2,"l":2},"a":{"a":0,"k":[317.795,404.108,0],"ix":1,"l":2},"s":{"a":0,"k":[100,100,100],"ix":6,"l":2}},"ao":0,"shapes":[{"ty":"gr","it":[{"ind":0,"ty":"sh","ix":1,"ks":{"a":0,"k":{"i":[[20.658,0],[0,0],[0,20.658],[0,0],[-21.204,-0.811],[0,0],[0,-20.101],[0,0]],"o":[[0,0],[-20.658,0],[0,0],[0,-21.219],[0,0],[20.087,0.769],[0,0],[0,20.658]],"v":[[280.141,403.467],[-280.14,403.467],[-317.545,366.063],[-317.545,-365.277],[-278.71,-402.655],[281.571,-381.215],[317.546,-343.837],[317.546,366.063]],"c":true},"ix":2},"nm":"Path 1","mn":"ADBE Vector Shape - Group","hd":false},{"ty":"fl","c":{"a":0,"k":[0.591472670611,0.717538631664,0.981041882085,1],"ix":4},"o":{"a":0,"k":100,"ix":5},"r":1,"bm":0,"nm":"Fill 1","mn":"ADBE Vector Graphic - Fill","hd":false},{"ty":"tr","p":{"a":0,"k":[317.795,403.716],"ix":2},"a":{"a":0,"k":[0,0],"ix":1},"s":{"a":0,"k":[100,100],"ix":3},"r":{"a":0,"k":0,"ix":6},"o":{"a":0,"k":100,"ix":7},"sk":{"a":0,"k":0,"ix":4},"sa":{"a":0,"k":0,"ix":5},"nm":"Transform"}],"nm":"Group 1","np":2,"cix":2,"bm":0,"ix":1,"mn":"ADBE Vector Group","hd":false}],"ip":0,"op":180,"st":0,"bm":0},{"ddd":0,"ind":28,"ty":4,"nm":"Laptop","sr":1,"ks":{"o":{"a":0,"k":100,"ix":11},"r":{"a":0,"k":0,"ix":10},"p":{"a":0,"k":[1619.189,2712.431,0],"ix":2,"l":2},"a":{"a":0,"k":[895.075,527.973,0],"ix":1,"l":2},"s":{"a":0,"k":[100,100,100],"ix":6,"l":2}},"ao":0,"shapes":[{"ty":"gr","it":[{"ind":0,"ty":"sh","ix":1,"ks":{"a":0,"k":{"i":[[-3.109,0],[0,0],[0,3.109],[0,0],[3.111,0],[0,0],[0,-3.11],[0,0]],"o":[[0,0],[3.11,0],[0,0],[0,-3.11],[0,0],[-3.109,0],[0,0],[0,3.109]],"v":[[-889.171,38.323],[889.171,38.323],[894.825,32.669],[894.825,-32.671],[889.171,-38.324],[-889.171,-38.324],[-894.825,-32.671],[-894.825,32.669]],"c":true},"ix":2},"nm":"Path 1","mn":"ADBE Vector Shape - Group","hd":false},{"ty":"fl","c":{"a":0,"k":[0.115638815188,0.076484268787,0.494784067191,1],"ix":4},"o":{"a":0,"k":100,"ix":5},"r":1,"bm":0,"nm":"Fill 1","mn":"ADBE Vector Graphic - Fill","hd":false},{"ty":"tr","p":{"a":0,"k":[895.075,1016.896],"ix":2},"a":{"a":0,"k":[0,0],"ix":1},"s":{"a":0,"k":[100,100],"ix":3},"r":{"a":0,"k":0,"ix":6},"o":{"a":0,"k":100,"ix":7},"sk":{"a":0,"k":0,"ix":4},"sa":{"a":0,"k":0,"ix":5},"nm":"Transform"}],"nm":"Group 1","np":2,"cix":2,"bm":0,"ix":1,"mn":"ADBE Vector Group","hd":false},{"ty":"gr","it":[{"ind":0,"ty":"sh","ix":1,"ks":{"a":0,"k":{"i":[[2.121,0],[0,0],[-0.033,2.147],[0,0],[8.681,8.317],[1.084,-0.051],[0,0],[-0.058,2.148],[-2.288,-0.194],[0,0],[-18.241,-17.477],[-0.078,-16.875],[0,0]],"o":[[0,0],[-2.15,-0.031],[0,0],[-0.068,-14.611],[-16.203,-15.524],[0,0],[-2.148,-0.054],[0.056,-2.148],[0,0],[2.826,-0.167],[10.262,9.833],[0,0],[-0.032,2.129]],"v":[[253.636,159.681],[253.577,159.681],[249.743,155.731],[253.354,-90.248],[240.171,-124.842],[197.158,-139.523],[-257.295,-151.71],[-261.08,-155.703],[-257.085,-159.487],[197.098,-147.3],[245.556,-130.464],[261.138,-90.21],[257.525,155.847]],"c":true},"ix":2},"nm":"Path 1","mn":"ADBE Vector Shape - Group","hd":false},{"ty":"fl","c":{"a":0,"k":[1,1,1,1],"ix":4},"o":{"a":0,"k":100,"ix":5},"r":1,"bm":0,"nm":"Fill 1","mn":"ADBE Vector Graphic - Fill","hd":false},{"ty":"tr","p":{"a":0,"k":[1392.359,234.571],"ix":2},"a":{"a":0,"k":[0,0],"ix":1},"s":{"a":0,"k":[100,100],"ix":3},"r":{"a":0,"k":0,"ix":6},"o":{"a":0,"k":100,"ix":7},"sk":{"a":0,"k":0,"ix":4},"sa":{"a":0,"k":0,"ix":5},"nm":"Transform"}],"nm":"Group 2","np":2,"cix":2,"bm":0,"ix":2,"mn":"ADBE Vector Group","hd":false},{"ty":"gr","it":[{"ind":0,"ty":"sh","ix":1,"ks":{"a":0,"k":{"i":[[2.121,0],[0,0],[-0.033,2.152],[0,0],[-2.121,0],[0,0],[0.032,-2.151],[0,0]],"o":[[0,0],[-2.17,-0.031],[0,0],[0.03,-2.129],[0,0],[2.169,0.031],[0,0],[-0.032,2.129]],"v":[[-0.468,36.004],[-0.507,36.004],[-4.361,32.053],[-3.419,-32.17],[0.47,-36.004],[0.508,-36.004],[4.362,-32.055],[3.421,32.169]],"c":true},"ix":2},"nm":"Path 1","mn":"ADBE Vector Shape - Group","hd":false},{"ty":"fl","c":{"a":0,"k":[1,1,1,1],"ix":4},"o":{"a":0,"k":100,"ix":5},"r":1,"bm":0,"nm":"Fill 1","mn":"ADBE Vector Graphic - Fill","hd":false},{"ty":"tr","p":{"a":0,"k":[1644.152,515.63],"ix":2},"a":{"a":0,"k":[0,0],"ix":1},"s":{"a":0,"k":[100,100],"ix":3},"r":{"a":0,"k":0,"ix":6},"o":{"a":0,"k":100,"ix":7},"sk":{"a":0,"k":0,"ix":4},"sa":{"a":0,"k":0,"ix":5},"nm":"Transform"}],"nm":"Group 3","np":2,"cix":2,"bm":0,"ix":3,"mn":"ADBE Vector Group","hd":false},{"ty":"gr","it":[{"ind":0,"ty":"sh","ix":1,"ks":{"a":0,"k":{"i":[[0,0],[-14.606,0],[0,0],[0,14.605],[0,0],[25.327,-1.012],[0,0],[9.639,-9.614],[-0.341,-13.61]],"o":[[0,14.605],[0,0],[14.607,0],[0,0],[-1.404,-47.656],[0,0],[-13.61,-0.364],[-9.639,9.615],[0,0]],"v":[[-749.365,433.825],[-722.808,460.383],[732.375,460.383],[758.933,433.825],[770.852,-358.1],[702.34,-421.872],[-719.505,-460.019],[-755.912,-445.526],[-770.511,-409.143]],"c":true},"ix":2},"nm":"Path 1","mn":"ADBE Vector Shape - Group","hd":false},{"ty":"fl","c":{"a":0,"k":[0.516589235792,0.613265811696,0.959242996515,1],"ix":4},"o":{"a":0,"k":100,"ix":5},"r":1,"bm":0,"nm":"Fill 1","mn":"ADBE Vector Graphic - Fill","hd":false},{"ty":"tr","p":{"a":0,"k":[900.476,494.029],"ix":2},"a":{"a":0,"k":[0,0],"ix":1},"s":{"a":0,"k":[100,100],"ix":3},"r":{"a":0,"k":0,"ix":6},"o":{"a":0,"k":100,"ix":7},"sk":{"a":0,"k":0,"ix":4},"sa":{"a":0,"k":0,"ix":5},"nm":"Transform"}],"nm":"Group 4","np":2,"cix":2,"bm":0,"ix":4,"mn":"ADBE Vector Group","hd":false},{"ty":"gr","it":[{"ind":0,"ty":"sh","ix":1,"ks":{"a":0,"k":{"i":[[0,0],[-15.439,0],[0,0],[0,15.424],[0,0],[33.304,-2.263],[0,0],[13.718,-13.673],[-0.458,-19.355]],"o":[[0,15.424],[0,0],[15.438,0],[0,0],[0,-15.423],[0,0],[-19.371,-0.501],[-13.717,13.674],[0,0]],"v":[[-782.729,463.232],[-754.658,491.276],[763.332,491.276],[791.403,463.232],[804.035,-409.116],[752.557,-452.389],[-730.99,-490.775],[-782.811,-470.148],[-803.577,-418.425]],"c":true},"ix":2},"nm":"Path 1","mn":"ADBE Vector Shape - Group","hd":false},{"ty":"fl","c":{"a":0,"k":[0.115638815188,0.076484268787,0.494784067191,1],"ix":4},"o":{"a":0,"k":100,"ix":5},"r":1,"bm":0,"nm":"Fill 1","mn":"ADBE Vector Graphic - Fill","hd":false},{"ty":"tr","p":{"a":0,"k":[906.126,491.527],"ix":2},"a":{"a":0,"k":[0,0],"ix":1},"s":{"a":0,"k":[100,100],"ix":3},"r":{"a":0,"k":0,"ix":6},"o":{"a":0,"k":100,"ix":7},"sk":{"a":0,"k":0,"ix":4},"sa":{"a":0,"k":0,"ix":5},"nm":"Transform"}],"nm":"Group 5","np":2,"cix":2,"bm":0,"ix":5,"mn":"ADBE Vector Group","hd":false}],"ip":0,"op":180,"st":0,"bm":0},{"ddd":0,"ind":29,"ty":4,"nm":"Cloud","sr":1,"ks":{"o":{"a":0,"k":100,"ix":11},"r":{"a":0,"k":0,"ix":10},"p":{"a":1,"k":[{"i":{"x":0.667,"y":1},"o":{"x":0.333,"y":0},"t":0,"s":[1855,2079.442,0],"to":[0,0,0],"ti":[0,0,0]},{"i":{"x":0.667,"y":1},"o":{"x":0.333,"y":0},"t":45,"s":[1855,2129.442,0],"to":[0,0,0],"ti":[0,0,0]},{"t":90,"s":[1855,2079.442,0]}],"ix":2,"l":2},"a":{"a":0,"k":[1457.664,834.54,0],"ix":1,"l":2},"s":{"a":0,"k":[100,100,100],"ix":6,"l":2}},"ao":0,"shapes":[{"ty":"gr","it":[{"ind":0,"ty":"sh","ix":1,"ks":{"a":0,"k":{"i":[[-72.82,310.808],[-163.923,40.348],[-91.391,-44.95],[-8.398,33.377],[-338.381,0],[0,-411.403],[0.187,-14.317],[-19.556,-3.28],[-6.856,-163.896],[183.708,0],[0,0]],"o":[[39.377,-168.069],[112.699,-27.742],[30.312,14.908],[80.789,-321.076],[401.242,0],[0,10.921],[1.421,30.764],[157.204,16.775],[7.871,188.186],[0,0],[-290.889,0]],"v":[[-1202.679,156.969],[-870.615,-183.385],[-558.399,-151.289],[-483.669,-186.636],[219.832,-744.911],[946.344,-0.001],[945.944,40.154],[980.021,87.262],[1267.629,400.812],[942.41,744.911],[-756.852,744.911]],"c":true},"ix":2},"nm":"Path 1","mn":"ADBE Vector Shape - Group","hd":false},{"ty":"fl","c":{"a":0,"k":[0.379145573635,0.416115405513,0.963032382142,1],"ix":4},"o":{"a":0,"k":100,"ix":5},"r":1,"bm":0,"nm":"Fill 1","mn":"ADBE Vector Graphic - Fill","hd":false},{"ty":"tr","p":{"a":0,"k":[1431.885,923.919],"ix":2},"a":{"a":0,"k":[0,0],"ix":1},"s":{"a":0,"k":[100,100],"ix":3},"r":{"a":0,"k":0,"ix":6},"o":{"a":0,"k":100,"ix":7},"sk":{"a":0,"k":0,"ix":4},"sa":{"a":0,"k":0,"ix":5},"nm":"Transform"}],"nm":"Group 1","np":2,"cix":2,"bm":0,"ix":1,"mn":"ADBE Vector Group","hd":false},{"ty":"gr","it":[{"ind":0,"ty":"sh","ix":1,"ks":{"a":0,"k":{"i":[[-81.558,348.1],[-183.592,45.19],[-102.357,-50.344],[-9.407,37.383],[-378.982,0],[0,-460.765],[0.208,-16.034],[-21.901,-3.674],[-7.678,-183.561],[205.75,0],[0,0]],"o":[[44.102,-188.235],[126.221,-31.069],[33.948,16.697],[90.482,-359.599],[449.386,0],[0,12.232],[1.591,34.456],[176.069,18.789],[8.817,210.766],[0,0],[-325.792,0]],"v":[[-1346.983,175.804],[-975.075,-205.389],[-625.399,-169.442],[-541.701,-209.03],[246.208,-834.291],[1059.891,0],[1059.443,44.973],[1097.609,97.731],[1419.724,448.905],[1055.484,834.291],[-847.662,834.291]],"c":true},"ix":2},"nm":"Path 1","mn":"ADBE Vector Shape - Group","hd":false},{"ty":"fl","c":{"a":0,"k":[0.315634723738,0.327018318924,0.944075879864,1],"ix":4},"o":{"a":0,"k":100,"ix":5},"r":1,"bm":0,"nm":"Fill 1","mn":"ADBE Vector Graphic - Fill","hd":false},{"ty":"tr","p":{"a":0,"k":[1428.791,834.541],"ix":2},"a":{"a":0,"k":[0,0],"ix":1},"s":{"a":0,"k":[100,100],"ix":3},"r":{"a":0,"k":0,"ix":6},"o":{"a":0,"k":100,"ix":7},"sk":{"a":0,"k":0,"ix":4},"sa":{"a":0,"k":0,"ix":5},"nm":"Transform"}],"nm":"Group 2","np":2,"cix":2,"bm":0,"ix":2,"mn":"ADBE Vector Group","hd":false}],"ip":0,"op":180,"st":0,"bm":0},{"ddd":0,"ind":30,"ty":4,"nm":"Background Shape","sr":1,"ks":{"o":{"a":0,"k":100,"ix":11},"r":{"a":0,"k":0,"ix":10},"p":{"a":0,"k":[1876.955,1891.635,0],"ix":2,"l":2},"a":{"a":0,"k":[1473.364,1375.013,0],"ix":1,"l":2},"s":{"a":1,"k":[{"i":{"x":[0.667,0.667,0.667],"y":[1,1,1]},"o":{"x":[0.333,0.333,0.333],"y":[0,0,0]},"t":0,"s":[100,100,100]},{"i":{"x":[0.667,0.667,0.667],"y":[1,1,1]},"o":{"x":[0.333,0.333,0.333],"y":[0,0,0]},"t":45,"s":[110,110,100]},{"t":90,"s":[100,100,100]}],"ix":6,"l":2}},"ao":0,"shapes":[{"ty":"gr","it":[{"ind":0,"ty":"sh","ix":1,"ks":{"a":0,"k":{"i":[[168.339,-402.166],[596.684,93.25],[235.668,213.24],[-365.966,572.834],[-453.695,-11.821],[-329.144,-275.374],[-96.098,-152.478]],"o":[[-258.302,617.093],[-97.093,-15.175],[-453.675,-410.503],[266.36,-416.923],[97.727,2.547],[48.346,40.447],[225.657,358.046]],"v":[[1262.172,445.366],[-280.871,1314.907],[-879.814,1041.292],[-1064.545,-754.895],[132.986,-1396.336],[934.384,-1102.721],[1185.457,-813.682]],"c":true},"ix":2},"nm":"Path 1","mn":"ADBE Vector Shape - Group","hd":false},{"ty":"fl","c":{"a":0,"k":[0.891941145355,0.918480308383,0.992416082644,1],"ix":4},"o":{"a":0,"k":100,"ix":5},"r":1,"bm":0,"nm":"Fill 1","mn":"ADBE Vector Graphic - Fill","hd":false},{"ty":"tr","p":{"a":0,"k":[1430.761,1408.407],"ix":2},"a":{"a":0,"k":[0,0],"ix":1},"s":{"a":0,"k":[100,100],"ix":3},"r":{"a":0,"k":0,"ix":6},"o":{"a":0,"k":100,"ix":7},"sk":{"a":0,"k":0,"ix":4},"sa":{"a":0,"k":0,"ix":5},"nm":"Transform"}],"nm":"Group 1","np":2,"cix":2,"bm":0,"ix":1,"mn":"ADBE Vector Group","hd":false}],"ip":0,"op":180,"st":0,"bm":0}],"markers":[]}